--
-- PostgreSQL database dump
--

\restrict 2kGhzm6jR7nhhRi8AwUiFckt1tjcZC7D2hW3dDE93Q0eJCaXh0Odkew7fFNe7ud

-- Dumped from database version 18.1
-- Dumped by pg_dump version 18.1

SET statement_timeout = 0;
SET lock_timeout = 0;
SET idle_in_transaction_session_timeout = 0;
SET transaction_timeout = 0;
SET client_encoding = 'UTF8';
SET standard_conforming_strings = on;
SELECT pg_catalog.set_config('search_path', '', false);
SET check_function_bodies = false;
SET xmloption = content;
SET client_min_messages = warning;
SET row_security = off;

--
-- Data for Name: ActivityLog; Type: TABLE DATA; Schema: public; Owner: -
--

INSERT INTO public."ActivityLog" VALUES ('616096e0-49fc-4a3d-bfb6-7ae4eac46273', 'SYNC', 'LOCKER', NULL, 'Sinkronisasi status: 0 locker diubah ke OVERDUE, 6 locker FILLED tanpa karyawan ditemukan', '{"overdueUpdated":0,"orphanedLockers":[{"id":"0cead4b9-3b1f-4f94-a660-b38bfecc834a","lockerNumber":"L/F01/073"},{"id":"3070b392-382f-45be-8283-e3889495df62","lockerNumber":"L/F01/072"},{"id":"82bfdc8e-311a-4110-b640-e2939bae2b19","lockerNumber":"L/M01/079"},{"id":"b1adb2d5-261d-47d9-8c22-4bd4fcecf36e","lockerNumber":"L/M01/118"},{"id":"bb794e22-935d-421a-88a1-e01da0c1191a","lockerNumber":"L/M02/028"},{"id":"f5fa5a1a-2a88-410b-80cd-55e19869d46e","lockerNumber":"L/F01/021"}]}', '2026-02-23 05:49:07.297');
INSERT INTO public."ActivityLog" VALUES ('23c86f46-84e4-4edf-9345-74a7adc2d8f2', 'SYNC', 'LOCKER', NULL, 'Sinkronisasi status: 0 locker diubah ke OVERDUE, 6 locker FILLED tanpa karyawan ditemukan', '{"overdueUpdated":0,"orphanedLockers":[{"id":"0cead4b9-3b1f-4f94-a660-b38bfecc834a","lockerNumber":"L/F01/073"},{"id":"3070b392-382f-45be-8283-e3889495df62","lockerNumber":"L/F01/072"},{"id":"82bfdc8e-311a-4110-b640-e2939bae2b19","lockerNumber":"L/M01/079"},{"id":"b1adb2d5-261d-47d9-8c22-4bd4fcecf36e","lockerNumber":"L/M01/118"},{"id":"bb794e22-935d-421a-88a1-e01da0c1191a","lockerNumber":"L/M02/028"},{"id":"f5fa5a1a-2a88-410b-80cd-55e19869d46e","lockerNumber":"L/F01/021"}]}', '2026-02-23 05:49:11.89');
INSERT INTO public."ActivityLog" VALUES ('f91e8703-8f12-43e9-adab-f304f20a946c', 'UPDATE', 'EMPLOYEE', '70fcb574-b486-4635-a7b7-02bdb12e2ac0', '3040 - Bagas Apriansyah: Data karyawan diupdate, Locker di-assign, Contract diupdate, Kunci di-unassign', '{"fields":["nik","name","department","isActive","lockerId","contractSeq","startDate","endDate","isPermanent","lockerKeyId"]}', '2026-02-23 05:58:02.426');
INSERT INTO public."ActivityLog" VALUES ('a05174d3-2507-4c9e-8bf5-144f9a1dc0b7', 'CREATE', 'EMPLOYEE', '30408700-6e33-4393-aedb-f8014a5f39f0', '3044 - Fitri Meilani: Karyawan dibuat, Locker di-assign', NULL, '2026-02-23 05:59:16.642');
INSERT INTO public."ActivityLog" VALUES ('d114a5e7-9180-403c-aaba-ebe84affd673', 'CREATE', 'EMPLOYEE', 'e9e2fe87-2c4c-4600-8a7e-27c948052da6', '3045 - Syuqia Latifah: Karyawan dibuat, Locker di-assign', NULL, '2026-02-23 06:00:18.414');
INSERT INTO public."ActivityLog" VALUES ('29bcc227-0fbf-48c8-a3c8-346a21c04186', 'CREATE', 'EMPLOYEE', '606289b4-740f-41f4-b5ff-efd430d5ed25', '3047 - Sunengsih: Karyawan dibuat, Locker di-assign', NULL, '2026-02-23 06:01:58.668');
INSERT INTO public."ActivityLog" VALUES ('2bf06b94-5b7a-452f-8d5f-9bca59b77d27', 'SYNC', 'LOCKER', NULL, 'Sinkronisasi status: 0 locker diubah ke OVERDUE, 4 locker FILLED tanpa karyawan ditemukan', '{"overdueUpdated":0,"orphanedLockers":[{"id":"3070b392-382f-45be-8283-e3889495df62","lockerNumber":"L/F01/072"},{"id":"b1adb2d5-261d-47d9-8c22-4bd4fcecf36e","lockerNumber":"L/M01/118"},{"id":"bb794e22-935d-421a-88a1-e01da0c1191a","lockerNumber":"L/M02/028"},{"id":"f5fa5a1a-2a88-410b-80cd-55e19869d46e","lockerNumber":"L/F01/021"}]}', '2026-02-23 06:06:28.917');
INSERT INTO public."ActivityLog" VALUES ('59ae94e4-c8ef-42cb-87c6-9b09c87370fb', 'SYNC', 'LOCKER', NULL, 'Sinkronisasi status: 0 locker diubah ke OVERDUE, 3 locker FILLED tanpa karyawan ditemukan', '{"overdueUpdated":0,"orphanedLockers":[{"id":"b1adb2d5-261d-47d9-8c22-4bd4fcecf36e","lockerNumber":"L/M01/118"},{"id":"bb794e22-935d-421a-88a1-e01da0c1191a","lockerNumber":"L/M02/028"},{"id":"f5fa5a1a-2a88-410b-80cd-55e19869d46e","lockerNumber":"L/F01/021"}]}', '2026-02-23 06:06:56.252');
INSERT INTO public."ActivityLog" VALUES ('8556e398-491e-4662-99f5-ea04f52b4fd1', 'UPDATE', 'EMPLOYEE', '07b36869-1a25-4f4e-9ad4-5bcc981ddeb0', '2014070079 - Nacah Nurhasanah: Data karyawan diupdate, Locker di-assign, Contract diupdate, Kunci di-unassign', '{"fields":["nik","name","department","isActive","lockerId","contractSeq","startDate","endDate","isPermanent","lockerKeyId"]}', '2026-02-23 06:09:21.1');
INSERT INTO public."ActivityLog" VALUES ('86be464c-71aa-4383-8210-dc6f0aaa60d4', 'SYNC', 'LOCKER', NULL, 'Sinkronisasi status: 0 locker diubah ke OVERDUE, 2 locker FILLED tanpa karyawan ditemukan', '{"overdueUpdated":0,"orphanedLockers":[{"id":"b1adb2d5-261d-47d9-8c22-4bd4fcecf36e","lockerNumber":"L/M01/118"},{"id":"bb794e22-935d-421a-88a1-e01da0c1191a","lockerNumber":"L/M02/028"}]}', '2026-02-23 06:09:44.173');
INSERT INTO public."ActivityLog" VALUES ('1b37b64a-78de-4382-9ff8-6c6b0f87607e', 'SYNC', 'LOCKER', NULL, 'Sinkronisasi status: 0 locker diubah ke OVERDUE, 1 locker FILLED tanpa karyawan ditemukan', '{"overdueUpdated":0,"orphanedLockers":[{"id":"bb794e22-935d-421a-88a1-e01da0c1191a","lockerNumber":"L/M02/028"}]}', '2026-02-23 06:10:43.689');
INSERT INTO public."ActivityLog" VALUES ('a156eec5-100a-4657-9601-73d56357bcee', 'SYNC', 'LOCKER', NULL, 'Sinkronisasi status: 0 locker diubah ke OVERDUE, 1 locker FILLED tanpa karyawan ditemukan', '{"overdueUpdated":0,"orphanedLockers":[{"id":"bb794e22-935d-421a-88a1-e01da0c1191a","lockerNumber":"L/M02/028"}]}', '2026-02-23 06:11:52.39');
INSERT INTO public."ActivityLog" VALUES ('9a4e4cb6-1c1f-4de1-9d70-bf6304aef3ee', 'SYNC', 'LOCKER', NULL, 'Sinkronisasi status: 0 locker diubah ke OVERDUE, 1 locker FILLED tanpa karyawan ditemukan', '{"overdueUpdated":0,"orphanedLockers":[{"id":"bb794e22-935d-421a-88a1-e01da0c1191a","lockerNumber":"L/M02/028"}]}', '2026-02-23 06:12:05.33');


--
-- Data for Name: Employee; Type: TABLE DATA; Schema: public; Owner: -
--

INSERT INTO public."Employee" VALUES ('161815dd-28ce-4f4f-b9d8-15f115dd355c', '2012070001', 'Pinta Uli Lusinda Panjaitan', 'GA & HRD', true, '2026-02-23 04:36:38.557', '2026-02-23 04:36:38.557');
INSERT INTO public."Employee" VALUES ('e609e839-2af6-4fdf-aa9f-3b71ecb9e673', '2024040866', 'Devita Vian Utami', 'Accounting & Finance', true, '2026-02-23 04:36:38.885', '2026-02-23 04:36:38.885');
INSERT INTO public."Employee" VALUES ('c77a486d-74b9-4cb7-bc7b-1e7ea45a8e8a', '2013080030', 'Fatikah', 'Plating', true, '2026-02-23 04:36:38.908', '2026-02-23 04:36:38.908');
INSERT INTO public."Employee" VALUES ('c9b3eb30-bc14-41e1-9609-d33d956c5c0d', '2013080031', 'Nunung Novita Sari', 'PPIC & Logistics', true, '2026-02-23 04:36:38.919', '2026-02-23 04:36:38.919');
INSERT INTO public."Employee" VALUES ('f2636264-8f3a-426a-9c80-e42c3a599fa2', '2023070813', 'Adela Suryani', 'Assembly', true, '2026-02-23 04:36:38.955', '2026-02-23 04:36:38.955');
INSERT INTO public."Employee" VALUES ('573428fb-e8c9-4fe4-b767-25bac5d708b8', '2015100150', 'Fia Fitria Tubagus', 'PPIC & Logistics', true, '2026-02-23 04:36:38.97', '2026-02-23 04:36:38.97');
INSERT INTO public."Employee" VALUES ('4a433de2-a807-4e8f-b7a5-c3e9a299e00c', '2094', 'Dewi Ratna Fadillah', 'Pemagangan/ Assembly', true, '2026-02-23 04:36:38.984', '2026-02-23 04:36:38.984');
INSERT INTO public."Employee" VALUES ('2e7ca0ef-8fda-4d85-a8b3-180a4b86c59d', '2013110046', 'Lilik Suharti', 'Assembly', true, '2026-02-23 04:36:39.001', '2026-02-23 04:36:39.001');
INSERT INTO public."Employee" VALUES ('fe564ee6-ca98-4c6e-89c6-932f46c12bb1', '2013110047', 'Novi Jesika Putri', 'Assembly', true, '2026-02-23 04:36:39.016', '2026-02-23 04:36:39.016');
INSERT INTO public."Employee" VALUES ('48a9f4c2-fc9f-47ce-9953-4e2adbcba380', '2013110051', 'Euis Komalasari', 'Assembly', true, '2026-02-23 04:36:39.035', '2026-02-23 04:36:39.035');
INSERT INTO public."Employee" VALUES ('3fc191f2-3bb4-4c47-ad4b-46e269413821', '2025070914', 'Sinta Puspita Dewi', 'Painting 2', true, '2026-02-23 04:36:39.059', '2026-02-23 04:36:39.059');
INSERT INTO public."Employee" VALUES ('096c97c1-807f-49c4-bba6-9bf8db3389da', '2013120055', 'Fitria Ulfah Miftahul', 'Painting', true, '2026-02-23 04:36:39.074', '2026-02-23 04:36:39.074');
INSERT INTO public."Employee" VALUES ('aa47439d-25bb-4519-a634-3051f00d358d', '3039', 'Nirmala', 'Pemagangan/ Plating', true, '2026-02-23 04:36:39.083', '2026-02-23 04:36:39.083');
INSERT INTO public."Employee" VALUES ('cff3a04a-3bd5-40a4-ac9d-e2cb2f42329d', '2014040068', 'Iis Istiqoma Tul', 'Assembly', true, '2026-02-23 04:36:39.094', '2026-02-23 04:36:39.094');
INSERT INTO public."Employee" VALUES ('04ee3a4b-fa9b-4b24-835f-1fc2aab7f2a5', '2023110860', 'Putri Yuli Setiawati', 'Assembly', true, '2026-02-23 04:36:39.102', '2026-02-23 04:36:39.102');
INSERT INTO public."Employee" VALUES ('cdc7f64e-9eb4-46b7-863d-0d8c687e4b1c', '2024060882', 'Winda Fara Setiani', 'Plating', true, '2026-02-23 04:36:39.11', '2026-02-23 04:36:39.11');
INSERT INTO public."Employee" VALUES ('322effe6-3e9d-4f85-836f-c0470212030b', '2020090524', 'Silvia Rizati', 'Molding', true, '2026-02-23 04:36:39.119', '2026-02-23 04:36:39.119');
INSERT INTO public."Employee" VALUES ('de3ea391-0a7d-4927-a40a-6c8b5a669ed8', '2024060890', 'Ria Reva Destriana', 'Assembly', true, '2026-02-23 04:36:39.125', '2026-02-23 04:36:39.125');
INSERT INTO public."Employee" VALUES ('dce63fcd-810e-4f66-9716-cc736be79695', '2014090095', 'Cucu Sutiawati', 'Plating', true, '2026-02-23 04:36:39.13', '2026-02-23 04:36:39.13');
INSERT INTO public."Employee" VALUES ('11371950-851d-4acb-9adf-ce2cc71b0981', '2024060891', 'Wulansari', 'Molding', true, '2026-02-23 04:36:39.136', '2026-02-23 04:36:39.136');
INSERT INTO public."Employee" VALUES ('ce103a9b-9f39-4fe5-9f15-7235466abe15', '2025100933', 'Monika Amelia', 'Production Preparation', true, '2026-02-23 04:36:39.143', '2026-02-23 04:36:39.143');
INSERT INTO public."Employee" VALUES ('25cb2476-d55a-46d0-8b99-809526fb4896', '3009', 'Lutfi Firdamayanti', 'Pemagangan/ MTC', true, '2026-02-23 04:36:39.151', '2026-02-23 04:36:39.151');
INSERT INTO public."Employee" VALUES ('f909f7c6-7d1f-4044-9066-2f4cc19f622c', '2015030116', 'Kiki Koriah', 'Plating', true, '2026-02-23 04:36:39.158', '2026-02-23 04:36:39.158');
INSERT INTO public."Employee" VALUES ('52ac5d18-6fab-4c44-9589-eb081f953733', '2014090102', 'Desi Permatasari', 'Assembly', true, '2026-02-23 04:36:39.165', '2026-02-23 04:36:39.165');
INSERT INTO public."Employee" VALUES ('be8b782f-ad7b-4215-b188-390e6cc2127c', '12041', 'Sri Wahyuni', 'PKL ASSEMBLY', true, '2026-02-23 04:36:39.172', '2026-02-23 04:36:39.172');
INSERT INTO public."Employee" VALUES ('fab296b3-548b-4478-8100-787e572852a6', '3012', 'Manda Ayu Indriani', 'Pemagangan/ Assembly', true, '2026-02-23 04:36:39.181', '2026-02-23 04:36:39.181');
INSERT INTO public."Employee" VALUES ('9071ecd2-c552-40a6-8e3e-4bc15383b989', '2022090737', 'Gita Lestari', 'Assembly', true, '2026-02-23 04:36:39.19', '2026-02-23 04:36:39.19');
INSERT INTO public."Employee" VALUES ('7146a457-16b8-4f03-afa3-04647d0c9d20', '2015080141', 'Primanita Imanda', 'Sales & Purchasing', true, '2026-02-23 04:36:39.198', '2026-02-23 04:36:39.198');
INSERT INTO public."Employee" VALUES ('3f72dbac-89e6-45a1-9560-7e9195c70114', '2022090736', 'Eka Permata Sari', 'Assembly', true, '2026-02-23 04:36:39.206', '2026-02-23 04:36:39.206');
INSERT INTO public."Employee" VALUES ('d43700f4-a9e4-4872-a044-7e1d850d0d6d', '2025070917', 'Ralita Sapna Kirana', 'Molding', true, '2026-02-23 04:36:39.214', '2026-02-23 04:36:39.214');
INSERT INTO public."Employee" VALUES ('36f8aae1-5686-42d4-a096-33bebe0f7a9e', '2016010160', 'Melissa Devi', 'PPIC & Logistics', true, '2026-02-23 04:36:39.222', '2026-02-23 04:36:39.222');
INSERT INTO public."Employee" VALUES ('590d04b5-6b97-43d9-8ac6-9d0618293e04', '2016060179', 'Kiki Mulbayani', 'Assembly', true, '2026-02-23 04:36:39.231', '2026-02-23 04:36:39.231');
INSERT INTO public."Employee" VALUES ('7fdf9abc-e29c-4f97-99e3-0dbfd6de31d6', '2016060180', 'Siti Wahidah', 'Assembly', true, '2026-02-23 04:36:39.24', '2026-02-23 04:36:39.24');
INSERT INTO public."Employee" VALUES ('903d4e0e-230e-469e-af7a-ac837b1fe554', '3013', 'Siva Silviana', 'Pemagangan/ Assembly', true, '2026-02-23 04:36:39.251', '2026-02-23 04:36:39.251');
INSERT INTO public."Employee" VALUES ('90b175e7-895e-4cd3-a411-6ffd4ed25bae', '2022090734', 'Alifia Dinda Choirunnisa', 'Assembly', true, '2026-02-23 04:36:39.263', '2026-02-23 04:36:39.263');
INSERT INTO public."Employee" VALUES ('15478283-cd8d-4146-9ec4-ebef52294183', '2017030201', 'Alicia Fridanova', 'Painting', true, '2026-02-23 04:36:39.272', '2026-02-23 04:36:39.272');
INSERT INTO public."Employee" VALUES ('00a17f61-9c01-4a99-bf83-56478740c8b4', '2023110859', 'Dini Damayanti', 'Molding', true, '2026-02-23 04:36:39.277', '2026-02-23 04:36:39.277');
INSERT INTO public."Employee" VALUES ('b7eb3887-adfe-40b6-b320-db0bcca563cb', '2025090926', 'Azahra Meilani Biancha Hapiludin', 'Painting 2', true, '2026-02-23 04:36:39.284', '2026-02-23 04:36:39.284');
INSERT INTO public."Employee" VALUES ('043e8142-5b1a-48fa-9808-089590c87c5b', '2023090826', 'Neneng Kholisoh', 'Assembly', true, '2026-02-23 04:36:39.29', '2026-02-23 04:36:39.29');
INSERT INTO public."Employee" VALUES ('d0553aa1-1791-4cc2-9f5c-ee75b3e0a1cd', '2024100901', 'Komariah', 'Assembly', true, '2026-02-23 04:36:39.295', '2026-02-23 04:36:39.295');
INSERT INTO public."Employee" VALUES ('6776e77e-a0a5-4cae-b958-ae8f9e0c8217', '2017060227', 'Siti Nur Rohmah', 'Assembly', true, '2026-02-23 04:36:39.301', '2026-02-23 04:36:39.301');
INSERT INTO public."Employee" VALUES ('7573eb55-4d55-4399-b8df-e05909dd0804', '1004', 'CS Endeh Habibah', 'Cleaner', true, '2026-02-23 04:36:39.309', '2026-02-23 04:36:39.309');
INSERT INTO public."Employee" VALUES ('b80be5ca-0eb8-45a3-a4c0-5992c43492af', '2017090252', 'Tri Wahyuningsih', 'QC', true, '2026-02-23 04:36:39.315', '2026-02-23 04:36:39.315');
INSERT INTO public."Employee" VALUES ('69aac347-5164-49f8-97f1-30560a8142ed', '2022010671', 'Alifah Susila Hati', 'GA & HRD', true, '2026-02-23 04:36:39.323', '2026-02-23 04:36:39.323');
INSERT INTO public."Employee" VALUES ('1f4fd52a-8ab3-453b-853f-64643914a814', '2024050877', 'Devi Yulianti', 'Assembly', true, '2026-02-23 04:36:39.327', '2026-02-23 04:36:39.327');
INSERT INTO public."Employee" VALUES ('d6e447ad-1705-4572-a8c5-119e41b461f5', '2024050879', 'Rahma Hilal Fauziyyah', 'Assembly', true, '2026-02-23 04:36:39.335', '2026-02-23 04:36:39.335');
INSERT INTO public."Employee" VALUES ('5034d4b7-101a-4349-a8a2-eac7af7de221', '2025060913', 'Dian Aprilia', 'Assembly', true, '2026-02-23 04:36:39.343', '2026-02-23 04:36:39.343');
INSERT INTO public."Employee" VALUES ('18024ba1-0a23-488d-b982-89acbc66e7fc', '2026020940', 'Dela Tiaraa', 'Assembly', true, '2026-02-23 04:36:39.353', '2026-02-23 04:36:39.353');
INSERT INTO public."Employee" VALUES ('e5b19c7e-c12a-49c4-87f6-e6a699fb6249', '2023060810', 'Topik Ramdan', 'Painting 2', true, '2026-02-23 04:36:39.359', '2026-02-23 04:36:39.359');
INSERT INTO public."Employee" VALUES ('3c344e49-0caf-468e-a346-9367c1849e9e', '2025050907', 'Jidan Apriyadin', 'PPIC & Logistics', true, '2026-02-23 04:36:39.367', '2026-02-23 04:36:39.367');
INSERT INTO public."Employee" VALUES ('659c596a-395a-4c87-a602-3d5f96e2a8de', '2025050906', 'Deni Rizwan', 'Painting 2', true, '2026-02-23 04:36:39.372', '2026-02-23 04:36:39.372');
INSERT INTO public."Employee" VALUES ('5dc26c30-084b-4d91-9029-dddb9acd3978', '2024050872', 'Jejen', 'Painting 2', true, '2026-02-23 04:36:39.38', '2026-02-23 04:36:39.38');
INSERT INTO public."Employee" VALUES ('00afc695-303e-4cea-bea8-a88e528ea8bf', '13013', 'Widenda Nata Kusuma', 'Harian/ PPIC', true, '2026-02-23 04:36:39.387', '2026-02-23 04:36:39.387');
INSERT INTO public."Employee" VALUES ('d5c4ac83-9389-419d-9ec7-b033397caac0', '3017', 'Deta Andrian Pebriansyah', 'Pemagangan/PPIC', true, '2026-02-23 04:36:39.392', '2026-02-23 04:36:39.392');
INSERT INTO public."Employee" VALUES ('c730e50d-b4f3-4afd-ad45-7f84bd93cabc', '2017090249', 'Sriwanto', 'Painting 2', true, '2026-02-23 04:36:39.4', '2026-02-23 04:36:39.4');
INSERT INTO public."Employee" VALUES ('c79521d3-deda-4e4f-af66-f79389892638', '2025060911', 'Imam Rizkia', 'PlatingIndirect/MTC', true, '2026-02-23 04:36:39.405', '2026-02-23 04:36:39.405');
INSERT INTO public."Employee" VALUES ('9ada0390-fa45-4836-aee7-a6a8db29eae7', '2016080182', 'Ahmad Suhi', 'Plating', true, '2026-02-23 04:36:39.414', '2026-02-23 04:36:39.414');
INSERT INTO public."Employee" VALUES ('d13ff72f-4b40-49e9-a539-0801a33f8e3c', '2015040121', 'Munandar', 'Painting 2', true, '2026-02-23 04:36:39.42', '2026-02-23 04:36:39.42');
INSERT INTO public."Employee" VALUES ('a081d0b1-0011-4eb3-a684-08a0735ac464', '2015040119', 'Adli Faisal', 'Molding', true, '2026-02-23 04:36:39.426', '2026-02-23 04:36:39.426');
INSERT INTO public."Employee" VALUES ('c867dd90-adb0-43a9-88db-b9527b1911fa', '2015040122', 'Turya Munandar', 'Painting 2', true, '2026-02-23 04:36:39.433', '2026-02-23 04:36:39.433');
INSERT INTO public."Employee" VALUES ('118684e1-05bc-4b13-94fc-ef83aec51fec', '2017040207', 'Hendra Lesmana', 'Painting', true, '2026-02-23 04:36:39.44', '2026-02-23 04:36:39.44');
INSERT INTO public."Employee" VALUES ('1215a57e-32fe-4754-865a-9cde05453908', '2024060886', 'Moch Ikhsan Ukhsan Al- Fariz', 'Assembly', true, '2026-02-23 04:36:39.444', '2026-02-23 04:36:39.444');
INSERT INTO public."Employee" VALUES ('16f7015b-7d04-459b-8af8-ba5516177edc', '2014110105', 'Arman Syafrizal', 'QC', true, '2026-02-23 04:36:39.449', '2026-02-23 04:36:39.449');
INSERT INTO public."Employee" VALUES ('8ad332fa-9198-4885-a0c9-f8b40ef880a8', '2014110108', 'Anis Johanes', 'PlatingIndirect/WWTP', true, '2026-02-23 04:36:39.455', '2026-02-23 04:36:39.455');
INSERT INTO public."Employee" VALUES ('a0aa5554-37fa-495a-9806-1f7e757fc89d', '2016060175', 'Yogi Iskandar', 'Painting', true, '2026-02-23 04:36:39.46', '2026-02-23 04:36:39.46');
INSERT INTO public."Employee" VALUES ('cb8a69c7-6958-4aca-9809-b7025bfd46ee', '13011', 'Dimas Rizky Febrianto', 'Harian/ Painting 2', true, '2026-02-23 04:36:39.467', '2026-02-23 04:36:39.467');
INSERT INTO public."Employee" VALUES ('0809e633-e4c2-4e1d-8129-42cc8f9c0388', '2014090098', 'Risna Febriana', 'Plating', true, '2026-02-23 04:36:39.471', '2026-02-23 04:36:39.471');
INSERT INTO public."Employee" VALUES ('4f8ff107-6d85-43f3-bdc9-9055c1ef8ba1', '2016080187', 'Wawan Prayogo Setiawan', 'Molding', true, '2026-02-23 04:36:39.477', '2026-02-23 04:36:39.477');
INSERT INTO public."Employee" VALUES ('12738a3e-2e85-45ef-9c51-891a9b525def', '2025050908', 'Rahmat Yusup Firdaus', 'Assembly', true, '2026-02-23 04:36:39.484', '2026-02-23 04:36:39.484');
INSERT INTO public."Employee" VALUES ('bf85a130-c942-449e-9172-1b7c563f65b5', '2024070896', 'Sahril', 'Assembly', true, '2026-02-23 04:36:39.49', '2026-02-23 04:36:39.49');
INSERT INTO public."Employee" VALUES ('a6b497db-16d7-42ce-a27a-f82b65aa263f', '2014110106', 'Syarip Hidayat', 'Molding', true, '2026-02-23 04:36:39.495', '2026-02-23 04:36:39.495');
INSERT INTO public."Employee" VALUES ('e48af676-1f15-46fb-bc29-1a637d6d1d1b', '2024050875', 'Rieki Maulana Akbar', 'Painting', true, '2026-02-23 04:36:39.5', '2026-02-23 04:36:39.5');
INSERT INTO public."Employee" VALUES ('178d10ba-edeb-4be8-97fe-081131810776', '2025120938', 'Taofik Hidayat', 'Painting 2', true, '2026-02-23 04:36:39.506', '2026-02-23 04:36:39.506');
INSERT INTO public."Employee" VALUES ('5a9fa95e-8f6c-4b3f-be9b-0c3966cdeed6', '2014040073', 'Lukman Hakim', 'Plating', true, '2026-02-23 04:36:39.512', '2026-02-23 04:36:39.512');
INSERT INTO public."Employee" VALUES ('ea2fcab9-543d-48e3-b888-8ccb4a8386eb', '2022090748', 'Muhamad Akbar', 'Plating', true, '2026-02-23 04:36:39.519', '2026-02-23 04:36:39.519');
INSERT INTO public."Employee" VALUES ('abcb378a-6bcd-4cf0-a27c-fbece39e9e73', '2014040071', 'Imin Naimin', 'Painting', true, '2026-02-23 04:36:39.526', '2026-02-23 04:36:39.526');
INSERT INTO public."Employee" VALUES ('94fe2c6d-7526-411b-969e-61ce44248f6b', '2013080039', 'Naylu Rifqi Darmawan', 'Painting', true, '2026-02-23 04:36:39.532', '2026-02-23 04:36:39.532');
INSERT INTO public."Employee" VALUES ('67491fed-0597-425b-a0ee-731f49653eab', '2014040069', 'Abdul Rahman Sayuti', 'Painting', true, '2026-02-23 04:36:39.539', '2026-02-23 04:36:39.539');
INSERT INTO public."Employee" VALUES ('404b9c67-5652-40f3-b5a7-bd774ae3c505', '2024050868', 'Aldi Ardianto', 'Painting 2', true, '2026-02-23 04:36:39.546', '2026-02-23 04:36:39.546');
INSERT INTO public."Employee" VALUES ('c808eda4-4ab3-408d-8148-fe0e25456d9d', '2014030066', 'Purnoto', 'PlatingIndirect/Racking', true, '2026-02-23 04:36:39.553', '2026-02-23 04:36:39.553');
INSERT INTO public."Employee" VALUES ('8ae8b58f-519d-4289-a88b-c651bb8260e8', '2014110110', 'Subandi', 'Plating', true, '2026-02-23 04:36:39.562', '2026-02-23 04:36:39.562');
INSERT INTO public."Employee" VALUES ('d5db7daa-f54e-46c2-9dcd-b1b78a2fde71', '2013030011', 'Eriyogo Pratomo', 'Plating', true, '2026-02-23 04:36:39.571', '2026-02-23 04:36:39.571');
INSERT INTO public."Employee" VALUES ('27d3711b-cbdf-4418-9c7d-b6d27fa236a5', '2024050880', 'Wahyu Ikhsannudin', 'Assembly', true, '2026-02-23 04:36:39.578', '2026-02-23 04:36:39.578');
INSERT INTO public."Employee" VALUES ('c7137d15-d719-47f5-8438-2fe12be3c1d8', '2014040070', 'Ahmad Sugianto', 'Molding', true, '2026-02-23 04:36:39.587', '2026-02-23 04:36:39.587');
INSERT INTO public."Employee" VALUES ('efbadd70-108f-46a8-96be-8cd0058f6d31', '2014030064', 'Anto', 'Painting 2', true, '2026-02-23 04:36:39.599', '2026-02-23 04:36:39.599');
INSERT INTO public."Employee" VALUES ('c4ed5be9-a36a-48d3-b2be-69ccc96130eb', '2014030062', 'Agus Permana', 'PlatingIndirect/MTC', true, '2026-02-23 04:36:39.607', '2026-02-23 04:36:39.607');
INSERT INTO public."Employee" VALUES ('38b1b2e2-7171-45f5-8d2b-d4a3ca7a8aa1', '2022010667', 'Iqbal Aprilian Nugraha', 'PlatingIndirect/MTC', true, '2026-02-23 04:36:39.616', '2026-02-23 04:36:39.616');
INSERT INTO public."Employee" VALUES ('07b9e9be-d337-4f58-9707-2bfdc03a72b3', '2023100852', 'Muhammad Rizki', 'PPIC & Logistics', true, '2026-02-23 04:36:39.625', '2026-02-23 04:36:39.625');
INSERT INTO public."Employee" VALUES ('10c09a46-e7fd-4a86-886f-759259d2a34d', '2025060912', 'Topa Hidayat', 'PPIC & Logistics', true, '2026-02-23 04:36:39.633', '2026-02-23 04:36:39.633');
INSERT INTO public."Employee" VALUES ('a5a2183b-c493-42dc-b59f-d845e5a165fa', '2025050910', 'Heru Ibnu Mulyana', 'Painting', true, '2026-02-23 04:36:39.64', '2026-02-23 04:36:39.64');
INSERT INTO public."Employee" VALUES ('f0c2bda4-a1db-463b-8ca0-17fb739874d0', '2014020056', 'Husnie Mubaroq', 'Molding', true, '2026-02-23 04:36:39.648', '2026-02-23 04:36:39.648');
INSERT INTO public."Employee" VALUES ('33ac70d9-9931-4f7c-b037-47e3ba9aae78', '2024060888', 'Rodi Angwar', 'Plating', true, '2026-02-23 04:36:39.657', '2026-02-23 04:36:39.657');
INSERT INTO public."Employee" VALUES ('9b33f2fe-3c06-4029-a721-f1344d05f74d', '2013100043', 'Deden Abi Nugroho', 'Molding', true, '2026-02-23 04:36:39.664', '2026-02-23 04:36:39.664');
INSERT INTO public."Employee" VALUES ('6e191b90-8b20-4765-a5c9-0fcfdcbf6b95', '2013080040', 'Setiyo Adi Purnomo', 'Production Preparation', true, '2026-02-23 04:36:39.672', '2026-02-23 04:36:39.672');
INSERT INTO public."Employee" VALUES ('3a697b1a-e491-4cfc-a581-c83fd3a2c892', '2016080186', 'Jaenal Aripin', 'Molding', true, '2026-02-23 04:36:39.68', '2026-02-23 04:36:39.68');
INSERT INTO public."Employee" VALUES ('b492b616-e0d9-4469-b42d-ba630c5f90e5', '2013080037', 'Muhammad Mujahidin', 'Plating', true, '2026-02-23 04:36:39.687', '2026-02-23 04:36:39.687');
INSERT INTO public."Employee" VALUES ('ecc5118d-f0ac-4d7e-94f9-d4bcf909aaef', '2014090100', 'Zamzam Mubarok', 'QC', true, '2026-02-23 04:36:39.695', '2026-02-23 04:36:39.695');
INSERT INTO public."Employee" VALUES ('07d11478-442a-43c5-a4fa-8b2d6e7eaf8b', '3018', 'Farhan Azizi', 'Pemagangan/ Painting', true, '2026-02-23 04:36:39.701', '2026-02-23 04:36:39.701');
INSERT INTO public."Employee" VALUES ('bee92846-4075-437f-92a0-a794ab1c22fd', '2015030117', 'Yudiana', 'Painting 2', true, '2026-02-23 04:36:39.708', '2026-02-23 04:36:39.708');
INSERT INTO public."Employee" VALUES ('8247ebec-4fc7-4f47-a528-112fb6ec5ca2', '3015', 'Aditia Raihansyah', 'Pemagangan/PPIC', true, '2026-02-23 04:36:39.715', '2026-02-23 04:36:39.715');
INSERT INTO public."Employee" VALUES ('232dd7e9-6fa3-4542-8870-01e22ac65c69', '3014', 'Addin Nur Wahid', 'Pemagangan/ Assembly', true, '2026-02-23 04:36:39.723', '2026-02-23 04:36:39.723');
INSERT INTO public."Employee" VALUES ('570c8291-6e48-4cfd-b2ca-d8e5ae97a526', '2023110862', 'Erik Kantona Prayoga', 'Painting', true, '2026-02-23 04:36:39.731', '2026-02-23 04:36:39.731');
INSERT INTO public."Employee" VALUES ('d5bce4ce-f1f3-40fa-81b9-fcec0860b2ff', '2013050020', 'Dian Muliana Yahya', 'Plating', true, '2026-02-23 04:36:39.741', '2026-02-23 04:36:39.741');
INSERT INTO public."Employee" VALUES ('338c4f3b-5f8e-4727-a329-8576c3bc89d6', '2025090927', 'Muhamad Rifki Ipandi', 'Painting 2', true, '2026-02-23 04:36:39.75', '2026-02-23 04:36:39.75');
INSERT INTO public."Employee" VALUES ('92cd2e01-969a-405e-97db-c49d6ce4c1c1', '2023050801', 'Budi Purwoko Santoso', 'PPIC & Logistics', true, '2026-02-23 04:36:39.761', '2026-02-23 04:36:39.761');
INSERT INTO public."Employee" VALUES ('cd4377c6-e036-4ff2-b9c3-9a26fa4a8522', '2016080185', 'Arsono', 'Plating', true, '2026-02-23 04:36:39.769', '2026-02-23 04:36:39.769');
INSERT INTO public."Employee" VALUES ('85593ecd-e84e-4e1a-94f7-dde872d65a79', '2015060129', 'Eka Koswara Pratama', 'Plating', true, '2026-02-23 04:36:39.776', '2026-02-23 04:36:39.776');
INSERT INTO public."Employee" VALUES ('e6dd05af-9831-468c-864c-9f5e0c76820b', '2023110861', 'Adji Subecti', 'Painting', true, '2026-02-23 04:36:39.781', '2026-02-23 04:36:39.781');
INSERT INTO public."Employee" VALUES ('973874c7-31d6-4a9a-adbc-7c9d301f4bf5', '2016010162', 'Sigit Setiawan', 'Assembly', true, '2026-02-23 04:36:39.791', '2026-02-23 04:36:39.791');
INSERT INTO public."Employee" VALUES ('7c13413b-cb84-460c-a89b-37ad27861161', '3000', 'Martua Leonardo', 'Pemagangan/PPIC', true, '2026-02-23 04:36:39.799', '2026-02-23 04:36:39.799');
INSERT INTO public."Employee" VALUES ('c33dcd17-2ebe-46de-a075-2b9c135b22a9', '2015070136', 'Tarya Waludin', 'PPIC & Logistics', true, '2026-02-23 04:36:39.81', '2026-02-23 04:36:39.81');
INSERT INTO public."Employee" VALUES ('c93aea52-48d4-440f-a190-101440765535', '2015070139', 'Pupung Purahman', 'Painting', true, '2026-02-23 04:36:39.818', '2026-02-23 04:36:39.818');
INSERT INTO public."Employee" VALUES ('d25d9ed5-c493-4ff0-842d-f5df139cb67c', '2025080920', 'Rizky Firmansyah', 'PPIC & Logistics', true, '2026-02-23 04:36:39.823', '2026-02-23 04:36:39.823');
INSERT INTO public."Employee" VALUES ('4ba8701f-4f4a-4fdf-946f-5a7008018af1', '2014070078', 'Agus Munajat', 'Accounting & Finance', true, '2026-02-23 04:36:39.827', '2026-02-23 04:36:39.827');
INSERT INTO public."Employee" VALUES ('25317752-5da5-49e0-87b3-3b1527b38d85', '2015100155', 'Yudistira Arimurti', 'Plating', true, '2026-02-23 04:36:39.837', '2026-02-23 04:36:39.837');
INSERT INTO public."Employee" VALUES ('2e88bd82-7144-4057-bf72-d30c26078808', '2025070916', 'Iwan Firmansah', 'QC', true, '2026-02-23 04:36:39.845', '2026-02-23 04:36:39.845');
INSERT INTO public."Employee" VALUES ('0d6a2602-42f2-4db3-8580-92471030c45c', '2025080924', 'Mahpud', 'QC', true, '2026-02-23 04:36:39.853', '2026-02-23 04:36:39.853');
INSERT INTO public."Employee" VALUES ('8d220f20-48af-45c7-94d9-372f01168af6', '2024050873', 'Muhamad Adiansyah', 'PPIC & Logistics', true, '2026-02-23 04:36:39.86', '2026-02-23 04:36:39.86');
INSERT INTO public."Employee" VALUES ('2f333e59-7e0b-4cd2-b984-6d2849e17be1', '2021090638', 'Gatot Mardiansyah', 'Painting 2', true, '2026-02-23 04:36:39.865', '2026-02-23 04:36:39.865');
INSERT INTO public."Employee" VALUES ('106127d0-6995-4c9e-9927-98f9e79b4ebb', '2022100774', 'Matlaul Anwar', 'Painting', true, '2026-02-23 04:36:39.873', '2026-02-23 04:36:39.873');
INSERT INTO public."Employee" VALUES ('3584751b-5462-4b77-8fcb-c0d330003da3', '2017060234', 'Muhlisin', 'PlatingIndirect/WWTP', true, '2026-02-23 04:36:39.88', '2026-02-23 04:36:39.88');
INSERT INTO public."Employee" VALUES ('8cc0fb52-cbd0-4b27-bb36-fb466730e68a', '2025080923', 'Gilang Ramadhan', 'Painting', true, '2026-02-23 04:36:39.887', '2026-02-23 04:36:39.887');
INSERT INTO public."Employee" VALUES ('16a51f2b-ae77-40e2-b78f-fa3714abf11f', '2017060230', 'Budi Rudiana', 'Plating', true, '2026-02-23 04:36:39.893', '2026-02-23 04:36:39.893');
INSERT INTO public."Employee" VALUES ('db3acecb-abc0-4786-ab60-96707ad2358c', '2024100902', 'Zaenal Arifin', 'Assembly', true, '2026-02-23 04:36:39.898', '2026-02-23 04:36:39.898');
INSERT INTO public."Employee" VALUES ('def69358-b22a-4230-870b-77e92d0bb0cd', '2098', 'Ahmad Andri Awansah', 'Pemagangan/ Plating', true, '2026-02-23 04:36:39.903', '2026-02-23 04:36:39.903');
INSERT INTO public."Employee" VALUES ('d6041f86-fa31-4896-bd2e-7d7c3f8b802a', '2022020688', 'Rendy Aji Triyanto', 'QC', true, '2026-02-23 04:36:39.909', '2026-02-23 04:36:39.909');
INSERT INTO public."Employee" VALUES ('526c7e53-cefa-49b1-82d9-997088eaf3c9', '2024050870', 'Gilang Ramadhan', 'PlatingIndirect/WWTP', true, '2026-02-23 04:36:39.92', '2026-02-23 04:36:39.92');
INSERT INTO public."Employee" VALUES ('505ffe34-0009-429e-8c51-a7d14ab44d1e', '2017050212', 'Adnen Muslimin', 'Painting 2', true, '2026-02-23 04:36:39.93', '2026-02-23 04:36:39.93');
INSERT INTO public."Employee" VALUES ('80edf6a9-e996-40b2-bad1-2f583c6a5594', '2017050219', 'Noor Fatdli Agmi', 'Plating', true, '2026-02-23 04:36:39.938', '2026-02-23 04:36:39.938');
INSERT INTO public."Employee" VALUES ('b3318994-c5f5-4ba6-9472-7af25663ba1f', '2017050214', 'Agus Dianto', 'Painting 2', true, '2026-02-23 04:36:39.947', '2026-02-23 04:36:39.947');
INSERT INTO public."Employee" VALUES ('6c144392-c4c3-41b5-9d3d-7840b5b5d97b', '2024060885', 'Febi Kurnia', 'Painting 2', true, '2026-02-23 04:36:39.957', '2026-02-23 04:36:39.957');
INSERT INTO public."Employee" VALUES ('c5921654-e795-4ef8-a9c1-f832de7d65cd', '2018090352', 'Petra Hariwibowo', 'Assembly', true, '2026-02-23 04:36:39.967', '2026-02-23 04:36:39.967');
INSERT INTO public."Employee" VALUES ('d814fe23-82b1-4340-bea8-3bb8c9949d40', '2024100903', 'Esa Kurnia Hadi Permana', 'Painting 2', true, '2026-02-23 04:36:39.973', '2026-02-23 04:36:39.973');
INSERT INTO public."Employee" VALUES ('e4d483be-a074-4d9a-bd47-bad0fdb7fefb', '2025090925', 'Nurfahmi', 'Painting 2', true, '2026-02-23 04:36:39.982', '2026-02-23 04:36:39.982');
INSERT INTO public."Employee" VALUES ('70e9733a-df87-4ea3-aa73-1cc6a5efe0d9', '2015110158', 'Didik Mulyono', 'Molding', true, '2026-02-23 04:36:39.99', '2026-02-23 04:36:39.99');
INSERT INTO public."Employee" VALUES ('4af36a12-b935-4c10-9366-ef08aee0ee20', '2015110159', 'Saifudin', 'Molding', true, '2026-02-23 04:36:40', '2026-02-23 04:36:40');
INSERT INTO public."Employee" VALUES ('02b946a1-bb50-4f6f-8319-5958f70deeb9', '2016020164', 'Rohmansyah', 'QC', true, '2026-02-23 04:36:40.008', '2026-02-23 04:36:40.008');
INSERT INTO public."Employee" VALUES ('2773882a-55c9-40bb-bf2c-4ce18f0f9003', '2023060807', 'Muhammad Rangga Priambudi', 'PPIC & Logistics', true, '2026-02-23 04:36:40.013', '2026-02-23 04:36:40.013');
INSERT INTO public."Employee" VALUES ('c2e5a4ba-d71d-4bf9-a99c-bfc1e8f631a2', '1010', 'CS Adi', 'Cleaner', true, '2026-02-23 04:36:40.02', '2026-02-23 04:36:40.02');
INSERT INTO public."Employee" VALUES ('8a552e08-53da-4da3-ae8d-65a7a7e7b929', '2025050909', 'Agung Saputra', 'Painting 2', true, '2026-02-23 04:36:40.025', '2026-02-23 04:36:40.025');
INSERT INTO public."Employee" VALUES ('f27a3560-350a-4e26-bbdd-a473c410569e', '2022030700', 'Rangga Pramana', 'Plating', true, '2026-02-23 04:36:40.03', '2026-02-23 04:36:40.03');
INSERT INTO public."Employee" VALUES ('1489c565-ac11-4747-a6e8-51156fcd6fc5', '2019040435', 'Agus Murtado Kholis', 'Sales & Purchasing', true, '2026-02-23 04:36:40.035', '2026-02-23 04:36:40.035');
INSERT INTO public."Employee" VALUES ('5fe143c7-8104-474e-81a1-a5807c2ee2d1', '2013060023', 'Martasim', 'Sales & Purchasing', true, '2026-02-23 04:36:40.041', '2026-02-23 04:36:40.041');
INSERT INTO public."Employee" VALUES ('bf9d9dfe-db51-4a88-a77c-de0856d02b87', '2024060889', 'Wahyudi', 'Plating', true, '2026-02-23 04:36:40.05', '2026-02-23 04:36:40.05');
INSERT INTO public."Employee" VALUES ('c3309c91-4197-4556-917f-f0f4c7c900b8', '2023100857', 'Wahyu Hadini', 'Painting 2', true, '2026-02-23 04:36:40.056', '2026-02-23 04:36:40.056');
INSERT INTO public."Employee" VALUES ('02b2e35f-6692-4938-9da6-b53ac2be894c', '2018010283', 'Azwin Chaidar', 'Molding', true, '2026-02-23 04:36:40.061', '2026-02-23 04:36:40.061');
INSERT INTO public."Employee" VALUES ('64442ae7-b402-49a7-8e6e-b129c899b6e4', '2023090835', 'Ragil Agus Setiawan', 'Molding', true, '2026-02-23 04:36:40.068', '2026-02-23 04:36:40.068');
INSERT INTO public."Employee" VALUES ('9cd35725-9545-4c55-9261-a0e5947ce612', '2017110265', 'Abdul Gani', 'Sales & Purchasing', true, '2026-02-23 04:36:40.073', '2026-02-23 04:36:40.073');
INSERT INTO public."Employee" VALUES ('879d82f6-387b-4f06-84a2-b62975694e63', '2022010670', 'Syahroni Ahmadillah', 'PlatingIndirect/MTC', true, '2026-02-23 04:36:40.078', '2026-02-23 04:36:40.078');
INSERT INTO public."Employee" VALUES ('e9dcc08a-dab5-4855-9a68-2b72ef5d01cd', '2018070324', 'Firdaus', 'Painting', true, '2026-02-23 04:36:40.085', '2026-02-23 04:36:40.085');
INSERT INTO public."Employee" VALUES ('774c7344-6d50-4fab-9c0c-fa1ad0e6879c', '3023', 'Atim Purnama', 'Pemagangan/ Painting 2', true, '2026-02-23 04:36:40.09', '2026-02-23 04:36:40.09');
INSERT INTO public."Employee" VALUES ('52f50edc-02de-4f8a-b013-a2076e8c2502', '2023100853', 'Rendi', 'Painting', true, '2026-02-23 04:36:40.098', '2026-02-23 04:36:40.098');
INSERT INTO public."Employee" VALUES ('113f65f6-d9cf-441d-8762-86c329dbb428', '2017090255', 'Asep Ciswanto', 'Painting 2', true, '2026-02-23 04:36:40.106', '2026-02-23 04:36:40.106');
INSERT INTO public."Employee" VALUES ('6dbef150-303a-46ba-bbda-d15f7f2799a4', '2017080242', 'Yoga Yusmana', 'PPIC & Logistics', true, '2026-02-23 04:36:40.115', '2026-02-23 04:36:40.115');
INSERT INTO public."Employee" VALUES ('7e0ceea4-f3dc-42c2-896e-b9c1d67535e5', '2017060231', 'Daryo', 'Plating', true, '2026-02-23 04:36:40.125', '2026-02-23 04:36:40.125');
INSERT INTO public."Employee" VALUES ('da30651f-8db6-4c29-96a4-05db99632593', '2017060235', 'Nur Hasanudin', 'PlatingIndirect/MTC', true, '2026-02-23 04:36:40.136', '2026-02-23 04:36:40.136');
INSERT INTO public."Employee" VALUES ('af709ed4-294b-4cb4-a6e7-728fc1977373', '2023020791', 'Eddy Poltak', 'QC', true, '2026-02-23 04:36:40.147', '2026-02-23 04:36:40.147');
INSERT INTO public."Employee" VALUES ('c0511796-38e7-4cb1-8630-9845c96943ff', '2018070323', 'Supriyatna', 'Assembly', true, '2026-02-23 04:36:40.154', '2026-02-23 04:36:40.154');
INSERT INTO public."Employee" VALUES ('02d4e60d-d81f-472d-bb29-46aaee541837', '3020', 'Alif Aryanda Muslim', 'Pemagangan/ Painting 2', true, '2026-02-23 04:36:40.161', '2026-02-23 04:36:40.161');
INSERT INTO public."Employee" VALUES ('955c9de6-9dc6-4e36-9041-36efab629d26', '2025080922', 'Ridwan Rivaldy', 'Molding', true, '2026-02-23 04:36:40.167', '2026-02-23 04:36:40.167');
INSERT INTO public."Employee" VALUES ('12de3abf-1bf9-4384-a87b-b6ce980ecd99', '2025080921', 'Bayu Anggoro', 'Painting 2', true, '2026-02-23 04:36:40.174', '2026-02-23 04:36:40.174');
INSERT INTO public."Employee" VALUES ('e95d5774-95a7-47bc-aef9-4e433994052e', '2017110267', 'Naufal Akhmadi', 'Accounting & Finance', true, '2026-02-23 04:36:40.179', '2026-02-23 04:36:40.179');
INSERT INTO public."Employee" VALUES ('40cb2423-3112-40ad-ab98-33d80bf5ce26', '2023100846', 'Indra Lasmana', 'Assembly', true, '2026-02-23 04:36:40.184', '2026-02-23 04:36:40.184');
INSERT INTO public."Employee" VALUES ('1baadb0b-9b2b-4622-9efe-d70a7702ca4b', '2022100778', 'Udan Jakaria', 'QC', true, '2026-02-23 04:36:40.192', '2026-02-23 04:36:40.192');
INSERT INTO public."Employee" VALUES ('68d5053e-1d8e-4f6c-a161-8c1f334cde2b', '13012', 'Okky Waldianto', 'Harian/ PPIC', true, '2026-02-23 04:36:40.201', '2026-02-23 04:36:40.201');
INSERT INTO public."Employee" VALUES ('ca0f6ef3-803c-4765-9b17-df9c261ee89f', '2023100843', 'Dion', 'Painting 2', true, '2026-02-23 04:36:40.208', '2026-02-23 04:36:40.208');
INSERT INTO public."Employee" VALUES ('4e447e46-33b1-4547-bc11-30461d1c7492', '2022090752', 'Haikal Aulia', 'Accounting & Finance', true, '2026-02-23 04:36:40.216', '2026-02-23 04:36:40.216');
INSERT INTO public."Employee" VALUES ('d243da73-a33b-4e67-932e-350948add61a', '3022', 'Andika Dwi Saputra', 'Pemagangan/PPIC', true, '2026-02-23 04:36:40.225', '2026-02-23 04:36:40.225');
INSERT INTO public."Employee" VALUES ('c5bc06f0-7503-4502-90b5-b4fdf2fc0109', '2025080919', 'Karwan Irawan', 'Accounting & Finance', true, '2026-02-23 04:36:40.234', '2026-02-23 04:36:40.234');
INSERT INTO public."Employee" VALUES ('48ed83d7-aeff-4ef4-8001-458bf2ecd12f', '2022090751', 'Yatna Nugraha', 'Plating', true, '2026-02-23 04:36:40.246', '2026-02-23 04:36:40.246');
INSERT INTO public."Employee" VALUES ('fbb4ca8e-ff3f-46c6-9424-1e842fd080dc', '2022060709', 'Maulana Malik Ibrahim', 'IT', true, '2026-02-23 04:36:40.255', '2026-02-23 04:36:40.255');
INSERT INTO public."Employee" VALUES ('f14d9e54-0dc7-4b61-bb75-37fa662651c7', '2023100838', 'Azis Perdiansyah', 'PPIC & Logistics', true, '2026-02-23 04:36:40.268', '2026-02-23 04:36:40.268');
INSERT INTO public."Employee" VALUES ('1fbc5eb6-0d65-4b1b-af7e-e1623b1f4379', '2022100777', 'Taufik Karim', 'Painting', true, '2026-02-23 04:36:40.274', '2026-02-23 04:36:40.274');
INSERT INTO public."Employee" VALUES ('2671382c-993c-4ec7-8aaa-f0224cd58da2', '2019040436', 'Hamdan', 'Painting 2', true, '2026-02-23 04:36:40.279', '2026-02-23 04:36:40.279');
INSERT INTO public."Employee" VALUES ('c421dc22-4e71-483a-b10a-edf2cfa0b640', '2023060812', 'Abdulah Junaedi', 'PlatingIndirect/Racking', true, '2026-02-23 04:36:40.285', '2026-02-23 04:36:40.285');
INSERT INTO public."Employee" VALUES ('9f2f74c2-8a7c-430a-856a-2771e3e78abf', '2022030695', 'Megi Jaelani Furkon', 'Plating', true, '2026-02-23 04:36:40.292', '2026-02-23 04:36:40.292');
INSERT INTO public."Employee" VALUES ('8f5ac017-bc49-4e79-8e53-c0f0b537c639', '2021010605', 'Yogi Suryadi Tresna Wardana', 'Painting 2', true, '2026-02-23 04:36:40.296', '2026-02-23 04:36:40.296');
INSERT INTO public."Employee" VALUES ('b2a85dde-6f7e-4635-b5fb-f52a275a5df3', '2017090257', 'Imam Subawi', 'PlatingIndirect/Racking', true, '2026-02-23 04:36:40.302', '2026-02-23 04:36:40.302');
INSERT INTO public."Employee" VALUES ('d38a74a6-27b8-4aff-9d40-8e01fa6d287b', '2023060809', 'Suhendi', 'QC', true, '2026-02-23 04:36:40.306', '2026-02-23 04:36:40.306');
INSERT INTO public."Employee" VALUES ('ab555f6a-234d-4447-98b1-cf3e556f3496', '2024080899', 'Asep Zaenal', 'PPIC & Logistics', true, '2026-02-23 04:36:40.31', '2026-02-23 04:36:40.31');
INSERT INTO public."Employee" VALUES ('6677f7d6-def3-496a-843a-f67b7985ce51', '2020010511', 'Heri Setiawan', 'Assembly', true, '2026-02-23 04:36:40.314', '2026-02-23 04:36:40.314');
INSERT INTO public."Employee" VALUES ('3e5f09f6-8266-42c2-8359-e761df886107', '13024', 'Agus Salim', 'Harian/ PPIC', true, '2026-02-23 04:36:40.321', '2026-02-23 04:36:40.321');
INSERT INTO public."Employee" VALUES ('4b32e1e2-3f02-416d-aca9-69112e5407bb', '2026020941', 'Ahmad Saepul Nurhakim', 'Molding', true, '2026-02-23 04:36:40.323', '2026-02-23 04:36:40.323');
INSERT INTO public."Employee" VALUES ('db87054f-a856-4cec-8c9a-5ad5c154c60e', '12034', 'Alif Pratama', 'PKL PPIC', true, '2026-02-23 04:36:40.325', '2026-02-23 04:36:40.325');
INSERT INTO public."Employee" VALUES ('4fb928bb-6a5e-4db6-aa17-d514cc96a371', '13007', 'Anim', 'Harian/ GA', true, '2026-02-23 04:36:40.328', '2026-02-23 04:36:40.328');
INSERT INTO public."Employee" VALUES ('39ba0879-13c8-4ba4-a9ed-462ac8e2199d', '3041', 'Anjar', 'Pemagangan/ Painting', true, '2026-02-23 04:36:40.332', '2026-02-23 04:36:40.332');
INSERT INTO public."Employee" VALUES ('ad7df886-fb9b-4dbc-9043-75327585f592', '13002', 'Asep Dian', 'Harian/ PPIC', true, '2026-02-23 04:36:40.334', '2026-02-23 04:36:40.334');
INSERT INTO public."Employee" VALUES ('83cb6d8a-3d5c-481c-848a-3ddefdb1e5f6', '13010', 'Deni', 'Harian/ PPIC', true, '2026-02-23 04:36:40.34', '2026-02-23 04:36:40.34');
INSERT INTO public."Employee" VALUES ('482521a9-5525-4bd2-80a9-7c24b5f67eaa', '2014090097', 'Deni Mardani', 'PlatingIndirect/WWTP', true, '2026-02-23 04:36:40.342', '2026-02-23 04:36:40.342');
INSERT INTO public."Employee" VALUES ('18c92bca-dfc6-4566-9c5f-fea532a99dd3', '13000', 'Dian', 'Harian/ PPIC', true, '2026-02-23 04:36:40.346', '2026-02-23 04:36:40.346');
INSERT INTO public."Employee" VALUES ('9e63e042-8186-4c03-b272-0c294fad17e1', '12033', 'Diki', 'PKL ASSEMBLY', true, '2026-02-23 04:36:40.349', '2026-02-23 04:36:40.349');
INSERT INTO public."Employee" VALUES ('713de049-82a8-4e71-88b3-d89cd9cd03cd', '2022090735', 'Dini Apriyani', 'Assembly', true, '2026-02-23 04:36:40.351', '2026-02-23 04:36:40.351');
INSERT INTO public."Employee" VALUES ('5a005762-ff29-42ed-aa73-f18f662b4953', '3027', 'Fajar Akbar Maulid', 'Pemagangan/ Plating', true, '2026-02-23 04:36:40.353', '2026-02-23 04:36:40.353');
INSERT INTO public."Employee" VALUES ('c732d875-433a-41b9-a804-cd54bac16c9c', '3042', 'Guntur Zagar Krisna Yudha', 'Pemagangan/ Plating', true, '2026-02-23 04:36:40.355', '2026-02-23 04:36:40.355');
INSERT INTO public."Employee" VALUES ('28b4a636-72e6-4e34-8315-56ff456204e0', '3043', 'Haila Rosmawati', 'Pemagangan/ Plating', true, '2026-02-23 04:36:40.357', '2026-02-23 04:36:40.357');
INSERT INTO public."Employee" VALUES ('4b12f66e-f17c-4be0-a8bf-e4d0ffc5a74f', '12046', 'Hangga Kurnia Maulana', 'PKL MOLDING', true, '2026-02-23 04:36:40.36', '2026-02-23 04:36:40.36');
INSERT INTO public."Employee" VALUES ('2705dd09-df4d-4d75-9b7e-180b1a8264d2', '13003', 'Hendrik', 'Harian/ GA', true, '2026-02-23 04:36:40.363', '2026-02-23 04:36:40.363');
INSERT INTO public."Employee" VALUES ('b96e354c-3b00-4ca1-8d3e-23427017f73a', '12035', 'Herudin', 'PKL Conveyor', true, '2026-02-23 04:36:40.364', '2026-02-23 04:36:40.364');
INSERT INTO public."Employee" VALUES ('71cbda8d-fa64-4bfd-ba60-5106aa1d15ce', '2024040865', 'Hiroshi Senoo', 'Painting', true, '2026-02-23 04:36:40.368', '2026-02-23 04:36:40.368');
INSERT INTO public."Employee" VALUES ('ae830005-53bd-41ac-b137-d3bd44dcfaeb', '3008', 'Ibnul Mubarok', 'Pemagangan/ QC', true, '2026-02-23 04:36:40.371', '2026-02-23 04:36:40.371');
INSERT INTO public."Employee" VALUES ('83e3a452-4fc4-4d6d-a053-276d7ffc0a23', '13001', 'Irwan', 'Harian/ PPIC', true, '2026-02-23 04:36:40.375', '2026-02-23 04:36:40.375');
INSERT INTO public."Employee" VALUES ('d24acc73-272d-4afd-94ad-f1f076556a0d', '2014080092', 'Jumanto', 'Plating', true, '2026-02-23 04:36:40.378', '2026-02-23 04:36:40.378');
INSERT INTO public."Employee" VALUES ('58bae02e-59c4-466f-b974-8555ba49d2c5', '2024010864', 'Katsuhito Sano', 'Plating', true, '2026-02-23 04:36:40.381', '2026-02-23 04:36:40.381');
INSERT INTO public."Employee" VALUES ('6fbdf2ff-a460-4fa6-8832-ec72e0efe2ba', '2025100928', 'Kazuhiro Kito', 'Sales & Purchasing', true, '2026-02-23 04:36:40.384', '2026-02-23 04:36:40.384');
INSERT INTO public."Employee" VALUES ('e7dbfba7-2ff7-43de-b335-20ce886c7a50', '2013110049', 'Kiswoyo', 'Painting', true, '2026-02-23 04:36:40.387', '2026-02-23 04:36:40.387');
INSERT INTO public."Employee" VALUES ('8edf7b57-de04-4075-afdb-67f78d4010ba', '2014030065', 'Lukman Nurhakim Tholib', 'GA & HRD', true, '2026-02-23 04:36:40.39', '2026-02-23 04:36:40.39');
INSERT INTO public."Employee" VALUES ('b7ec2b70-fcb6-471d-87d5-408d6ea72395', '2025120935', 'Maulana Malik', 'Production Preparation', true, '2026-02-23 04:36:40.392', '2026-02-23 04:36:40.392');
INSERT INTO public."Employee" VALUES ('21479107-10ca-47fa-a3bb-fd2fb3c140fd', '2025100932', 'Muhamad Aldi Hidayatullah', 'PlatingIndirect/MTC', true, '2026-02-23 04:36:40.394', '2026-02-23 04:36:40.394');
INSERT INTO public."Employee" VALUES ('ad9ba0b0-b082-4452-9d31-3d10f89614a5', '12036', 'Muhammad Khaerul Rian', 'PKL ASSEMBLY', true, '2026-02-23 04:36:40.396', '2026-02-23 04:36:40.396');
INSERT INTO public."Employee" VALUES ('4c491fba-da82-46ef-bddb-a670c7b068a0', '12037', 'Muhammad Rizki Pratama', 'PKL ASSEMBLY', true, '2026-02-23 04:36:40.397', '2026-02-23 04:36:40.397');
INSERT INTO public."Employee" VALUES ('fa83cc6e-176f-445e-b148-5ff3344f7a27', '12040', 'Nazla Khairunnisa', 'PKL PPIC', true, '2026-02-23 04:36:40.4', '2026-02-23 04:36:40.4');
INSERT INTO public."Employee" VALUES ('2d425b09-8821-4ef5-8659-2accc29075f8', '12047', 'Nuralim', 'PKL PPIC', true, '2026-02-23 04:36:40.403', '2026-02-23 04:36:40.403');
INSERT INTO public."Employee" VALUES ('ea6a50a2-5e97-422e-859d-119ef0b7f7e9', '3001', 'Nurrahmat', 'Pemagangan/ Plating', true, '2026-02-23 04:36:40.405', '2026-02-23 04:36:40.405');
INSERT INTO public."Employee" VALUES ('f5da44ff-ffbf-4705-bccf-016da30362b8', '12043', 'Pandu Akbar', 'PKL Conveyor', true, '2026-02-23 04:36:40.408', '2026-02-23 04:36:40.408');
INSERT INTO public."Employee" VALUES ('da1ca42d-235a-4f66-a799-6283f3734c59', '12038', 'Revan Kurniawan Putra', 'PKL ASSEMBLY', true, '2026-02-23 04:36:40.411', '2026-02-23 04:36:40.411');
INSERT INTO public."Employee" VALUES ('a09f4905-0c6a-4f39-b556-63187204b19f', '2013120052', 'Rizaldy Fahmi', 'Sales & Purchasing', true, '2026-02-23 04:36:40.413', '2026-02-23 04:36:40.413');
INSERT INTO public."Employee" VALUES ('e2bd824c-4876-4726-bde5-492c64859bb0', '2025120936', 'Rizky Hagy Mahendra', 'Painting 2', true, '2026-02-23 04:36:40.416', '2026-02-23 04:36:40.416');
INSERT INTO public."Employee" VALUES ('1f038224-022b-4385-bfab-dcce2d5746f6', '12042', 'Rizky Saputra', 'PKL PPIC', true, '2026-02-23 04:36:40.42', '2026-02-23 04:36:40.42');
INSERT INTO public."Employee" VALUES ('244bba23-0df6-43a7-abf3-e303e845eb23', '13005', 'Rojak', 'Harian/ PPIC', true, '2026-02-23 04:36:40.423', '2026-02-23 04:36:40.423');
INSERT INTO public."Employee" VALUES ('9d549131-a61d-4999-86b8-ecdb7d5bb73f', '13009', 'Rosadi', 'Harian/ PPIC', true, '2026-02-23 04:36:40.425', '2026-02-23 04:36:40.425');
INSERT INTO public."Employee" VALUES ('a2ccb8f0-73c0-448d-8cb1-87161eb58fca', '3037', 'Sahrul', 'Pemagangan/PPIC', true, '2026-02-23 04:36:40.427', '2026-02-23 04:36:40.427');
INSERT INTO public."Employee" VALUES ('d2f50d7d-f1af-420a-bcb6-4fb862abc2a0', '12045', 'Sahrul Hidayat', 'PKL PPIC', true, '2026-02-23 04:36:40.429', '2026-02-23 04:36:40.429');
INSERT INTO public."Employee" VALUES ('b0b52476-014d-435e-96ed-8ed5f467c0cd', '2025100930', 'Septianur Azzahro', 'QC', true, '2026-02-23 04:36:40.432', '2026-02-23 04:36:40.432');
INSERT INTO public."Employee" VALUES ('82b6be9e-f4aa-4fd1-8398-27f7135c7507', '2025100929', 'Shinsuke Aoki', 'Sales & Purchasing', true, '2026-02-23 04:36:40.435', '2026-02-23 04:36:40.435');
INSERT INTO public."Employee" VALUES ('df50893f-6d6f-4777-83ff-5f77b9708f27', '13006', 'Sulaeman', 'Harian/ PPIC', true, '2026-02-23 04:36:40.437', '2026-02-23 04:36:40.437');
INSERT INTO public."Employee" VALUES ('a5a65db2-3d11-4158-8ef4-d1f202b40744', '2025100931', 'Supandi', 'QC', true, '2026-02-23 04:36:40.439', '2026-02-23 04:36:40.439');
INSERT INTO public."Employee" VALUES ('c324df49-d624-4142-b047-58a626fecf90', '2025120937', 'Supriatna', 'Painting 2', true, '2026-02-23 04:36:40.441', '2026-02-23 04:36:40.441');
INSERT INTO public."Employee" VALUES ('249c8255-56fb-4e7d-995c-51f452f60bab', '2025110934', 'Takahiro Suzuki', 'QC', true, '2026-02-23 04:36:40.443', '2026-02-23 04:36:40.443');
INSERT INTO public."Employee" VALUES ('ca3f026b-26f9-4a42-ba5b-d3440ca40f11', '3038', 'Taopik Hidayat', 'Pemagangan/ Painting', true, '2026-02-23 04:36:40.445', '2026-02-23 04:36:40.445');
INSERT INTO public."Employee" VALUES ('5a632747-4767-4a4f-b6d7-1b6234040dbe', '2023050802', 'Yasuhiro Kato', 'Presiden Direktur', true, '2026-02-23 04:36:40.447', '2026-02-23 04:36:40.447');
INSERT INTO public."Employee" VALUES ('b6fc46aa-63c9-43e8-a1d6-43de5251327b', '2025120939', 'Zaenal Mustofa', 'PPIC & Logistics', true, '2026-02-23 04:36:40.45', '2026-02-23 04:36:40.45');
INSERT INTO public."Employee" VALUES ('70fcb574-b486-4635-a7b7-02bdb12e2ac0', '3040', 'Bagas Apriansyah', 'Pemagangan/ Painting', true, '2026-02-23 04:36:40.337', '2026-02-23 05:58:02.33');
INSERT INTO public."Employee" VALUES ('30408700-6e33-4393-aedb-f8014a5f39f0', '3044', 'Fitri Meilani', 'Magang Painting 2', true, '2026-02-23 05:59:16.626', '2026-02-23 05:59:16.626');
INSERT INTO public."Employee" VALUES ('e9e2fe87-2c4c-4600-8a7e-27c948052da6', '3045', 'Syuqia Latifah', 'Magang Painting 2', true, '2026-02-23 06:00:18.402', '2026-02-23 06:00:18.402');
INSERT INTO public."Employee" VALUES ('606289b4-740f-41f4-b5ff-efd430d5ed25', '3047', 'Sunengsih', 'Magang Painting 2', true, '2026-02-23 06:01:58.659', '2026-02-23 06:01:58.659');
INSERT INTO public."Employee" VALUES ('07b36869-1a25-4f4e-9ad4-5bcc981ddeb0', '2014070079', 'Nacah Nurhasanah', 'PPIC & Logistics', true, '2026-02-23 04:36:39.804', '2026-02-23 06:09:21.022');


--
-- Data for Name: Locker; Type: TABLE DATA; Schema: public; Owner: -
--

INSERT INTO public."Locker" VALUES ('00c567d2-8b10-40f0-a4d7-1f11d177b803', 'L/M02/025', 'M02', 'AVAILABLE', '2026-02-09 08:47:19.016', '2026-02-10 01:12:07.699');
INSERT INTO public."Locker" VALUES ('01129191-427f-4f0c-8427-9387d394d937', 'L/M01/193', 'M01', 'AVAILABLE', '2026-02-09 08:47:18.964', '2026-02-09 08:47:18.964');
INSERT INTO public."Locker" VALUES ('01485219-c1bb-4ab3-8021-25e5b28c093a', 'L/F01/010', 'F01', 'AVAILABLE', '2026-02-09 08:47:19.021', '2026-02-09 08:47:19.021');
INSERT INTO public."Locker" VALUES ('049cb1bb-28fa-4223-898a-5d6554cfb84d', 'L/M01/183', 'M01', 'AVAILABLE', '2026-02-09 08:47:18.964', '2026-02-09 08:47:18.964');
INSERT INTO public."Locker" VALUES ('04e666c7-5ef5-4148-a5c0-d1c5922859a7', 'L/M01/085', 'M01', 'AVAILABLE', '2026-02-09 08:47:18.964', '2026-02-09 08:47:18.964');
INSERT INTO public."Locker" VALUES ('0678355c-8f33-4a5a-9fb3-6af6c4d6b79f', 'L/M01/096', 'M01', 'MAINTENANCE', '2026-02-09 08:47:18.964', '2026-02-10 06:47:41.682');
INSERT INTO public."Locker" VALUES ('07692dbe-ddaa-4522-ae51-ba1d800496b1', 'L/M01/035', 'M01', 'AVAILABLE', '2026-02-09 08:47:18.964', '2026-02-09 08:47:18.964');
INSERT INTO public."Locker" VALUES ('098d0ce8-399d-4558-b8d7-92fa592427c5', 'L/F01/066', 'F01', 'AVAILABLE', '2026-02-09 08:47:19.021', '2026-02-09 08:47:19.021');
INSERT INTO public."Locker" VALUES ('0b4afb9e-c696-4feb-8e8d-7b27140e6f0a', 'L/M02/003', 'M02', 'AVAILABLE', '2026-02-09 08:47:19.016', '2026-02-09 08:47:19.016');
INSERT INTO public."Locker" VALUES ('0b523539-d637-4610-872d-3de9b3e7cb5a', 'L/M01/123', 'M01', 'MAINTENANCE', '2026-02-09 08:47:18.964', '2026-02-10 07:00:33.783');
INSERT INTO public."Locker" VALUES ('0cb8ee0a-a089-43d1-80d7-f957a3da125c', 'L/M01/093', 'M01', 'AVAILABLE', '2026-02-09 08:47:18.964', '2026-02-09 08:47:18.964');
INSERT INTO public."Locker" VALUES ('0e673df2-df38-4ffc-bc46-2f63655b8753', 'L/M01/065', 'M01', 'UNIDENTIFIED', '2026-02-09 08:47:18.964', '2026-02-10 06:38:22.477');
INSERT INTO public."Locker" VALUES ('0e7e33b7-4e30-4cad-9e54-a4057dcbc69a', 'L/M01/188', 'M01', 'AVAILABLE', '2026-02-09 08:47:18.964', '2026-02-09 08:47:18.964');
INSERT INTO public."Locker" VALUES ('13ba7551-c406-477a-a27a-e51c15a5ee91', 'L/M01/146', 'M01', 'AVAILABLE', '2026-02-09 08:47:18.964', '2026-02-09 08:47:18.964');
INSERT INTO public."Locker" VALUES ('13e954c4-7290-40b7-943f-1433482a6d00', 'L/F01/089', 'F01', 'MAINTENANCE', '2026-02-09 08:47:19.021', '2026-02-10 03:47:32.452');
INSERT INTO public."Locker" VALUES ('167fb5a7-8964-47ea-a38e-7205d1fe1d0d', 'L/M01/182', 'M01', 'AVAILABLE', '2026-02-09 08:47:18.964', '2026-02-09 08:47:18.964');
INSERT INTO public."Locker" VALUES ('19bfb475-d125-4a19-a78f-63fea404a373', 'L/M01/070', 'M01', 'AVAILABLE', '2026-02-09 08:47:18.964', '2026-02-09 08:47:18.964');
INSERT INTO public."Locker" VALUES ('1a812f78-7075-4dc4-bfc2-711573079055', 'L/M01/199', 'M01', 'AVAILABLE', '2026-02-09 08:47:18.964', '2026-02-09 08:47:18.964');
INSERT INTO public."Locker" VALUES ('1be82fd2-b1af-4bd8-8497-6e57430ed244', 'L/M01/001', 'M01', 'AVAILABLE', '2026-02-09 08:47:18.964', '2026-02-10 01:13:32.232');
INSERT INTO public."Locker" VALUES ('1cc73905-90d9-4fdf-a022-2a93de25f4a4', 'L/F01/036', 'F01', 'AVAILABLE', '2026-02-09 08:47:19.021', '2026-02-09 08:47:19.021');
INSERT INTO public."Locker" VALUES ('1cf64612-336a-48cb-a019-723672c3ad89', 'L/F01/094', 'F01', 'UNIDENTIFIED', '2026-02-09 08:47:19.021', '2026-02-10 04:54:01.001');
INSERT INTO public."Locker" VALUES ('1d103e48-2e1c-46a3-b874-11f6c5633ac3', 'L/M01/137', 'M01', 'AVAILABLE', '2026-02-09 08:47:18.964', '2026-02-09 08:47:18.964');
INSERT INTO public."Locker" VALUES ('1eb07dfe-07ec-41ff-bff9-c8d9e2251042', 'L/M01/197', 'M01', 'UNIDENTIFIED', '2026-02-09 08:47:18.964', '2026-02-10 07:40:46.774');
INSERT INTO public."Locker" VALUES ('21c348f0-0834-4360-a376-6f09e1115515', 'L/M02/011', 'M02', 'AVAILABLE', '2026-02-09 08:47:19.016', '2026-02-09 08:47:19.016');
INSERT INTO public."Locker" VALUES ('235bbf9d-191a-4c0a-99d7-97127701d76b', 'L/F01/067', 'F01', 'AVAILABLE', '2026-02-09 08:47:19.021', '2026-02-09 08:47:19.021');
INSERT INTO public."Locker" VALUES ('238b048d-8cd9-42fb-a963-5232d70543fd', 'L/M01/143', 'M01', 'AVAILABLE', '2026-02-09 08:47:18.964', '2026-02-09 08:47:18.964');
INSERT INTO public."Locker" VALUES ('23993aa6-c680-4dab-a331-5831d3e91f12', 'L/M01/218', 'M01', 'AVAILABLE', '2026-02-09 08:47:18.964', '2026-02-09 08:47:18.964');
INSERT INTO public."Locker" VALUES ('243e768b-be8b-47da-9bc3-cd24c2138268', 'L/F01/076', 'F01', 'AVAILABLE', '2026-02-09 08:47:19.021', '2026-02-09 08:47:19.021');
INSERT INTO public."Locker" VALUES ('254f770e-56df-40b5-af86-f58c1c6cf7b8', 'L/M01/008', 'M01', 'AVAILABLE', '2026-02-09 08:47:18.964', '2026-02-09 08:47:18.964');
INSERT INTO public."Locker" VALUES ('25cb0521-c1a1-4a3a-acb2-dd9d872cc56f', 'L/M01/025', 'M01', 'AVAILABLE', '2026-02-09 08:47:18.964', '2026-02-09 08:47:18.964');
INSERT INTO public."Locker" VALUES ('26a6efe8-11aa-4bd9-9e99-cd1b1a346d32', 'L/M01/144', 'M01', 'AVAILABLE', '2026-02-09 08:47:18.964', '2026-02-09 08:47:18.964');
INSERT INTO public."Locker" VALUES ('27214bf9-f493-4f2e-8047-529c8841b2e0', 'L/F01/070', 'F01', 'UNIDENTIFIED', '2026-02-09 08:47:19.021', '2026-02-10 04:55:59.953');
INSERT INTO public."Locker" VALUES ('2afe212f-9dc4-4de8-a8a8-f68eba7531ee', 'L/F01/065', 'F01', 'AVAILABLE', '2026-02-09 08:47:19.021', '2026-02-09 08:47:19.021');
INSERT INTO public."Locker" VALUES ('2bd3b1bb-78c4-4266-b4d8-dc5cf7f7deeb', 'L/M01/217', 'M01', 'UNIDENTIFIED', '2026-02-09 08:47:18.964', '2026-02-10 07:31:29.036');
INSERT INTO public."Locker" VALUES ('34b447fe-096b-4076-8d74-7702d5d2eaf4', 'L/F01/040', 'F01', 'UNIDENTIFIED', '2026-02-09 08:47:19.021', '2026-02-10 04:55:39.598');
INSERT INTO public."Locker" VALUES ('372584c1-2582-48b3-a7dc-db94dde2cdd2', 'L/M01/038', 'M01', 'UNIDENTIFIED', '2026-02-09 08:47:18.964', '2026-02-10 06:29:56.156');
INSERT INTO public."Locker" VALUES ('04995400-f0ff-4df7-9a5f-e35dd5455e20', 'L/F01/018', 'F01', 'FILLED', '2026-02-09 08:47:19.021', '2026-02-23 04:36:39.122');
INSERT INTO public."Locker" VALUES ('2583ddf1-6a51-4a90-a6f1-b75c2811dff6', 'L/M01/033', 'M01', 'FILLED', '2026-02-09 08:47:18.964', '2026-02-23 04:36:39.498');
INSERT INTO public."Locker" VALUES ('30eb71c5-cef2-4105-a4f9-8c0874869067', 'L/M01/064', 'M01', 'FILLED', '2026-02-09 08:47:18.964', '2026-02-23 04:36:39.692');
INSERT INTO public."Locker" VALUES ('323f3295-d649-4a4e-b2d0-1925a6e27fdd', 'L/F01/019', 'F01', 'FILLED', '2026-02-09 08:47:19.021', '2026-02-23 04:50:40.636');
INSERT INTO public."Locker" VALUES ('3070b392-382f-45be-8283-e3889495df62', 'L/F01/072', 'F01', 'AVAILABLE', '2026-02-09 08:47:19.021', '2026-02-23 06:06:48.779');
INSERT INTO public."Locker" VALUES ('38e3e73a-b6c7-45c6-9ac7-05ef5bc588e5', 'L/F01/026', 'F01', 'FILLED', '2026-02-09 08:47:19.021', '2026-02-23 04:36:39.168');
INSERT INTO public."Locker" VALUES ('2cbf8261-62bf-4521-a695-342d41666b14', 'L/M01/049', 'M01', 'FILLED', '2026-02-09 08:47:18.964', '2026-02-23 04:36:39.595');
INSERT INTO public."Locker" VALUES ('1adafc59-f878-4822-b7bd-5e9430a97c22', 'L/M01/052', 'M01', 'FILLED', '2026-02-09 08:47:18.964', '2026-02-23 04:36:39.621');
INSERT INTO public."Locker" VALUES ('07c76885-3beb-4c90-ab94-c2c774702469', 'L/M01/059', 'M01', 'FILLED', '2026-02-09 08:47:18.964', '2026-02-23 04:36:39.653');
INSERT INTO public."Locker" VALUES ('07b02801-8409-4661-a551-b6ec7693be3f', 'L/M01/060', 'M01', 'FILLED', '2026-02-09 08:47:18.964', '2026-02-23 04:36:39.66');
INSERT INTO public."Locker" VALUES ('0e278c40-917c-4bfb-af22-7d2bdf9be316', 'L/M01/094', 'M01', 'FILLED', '2026-02-09 08:47:18.964', '2026-02-23 04:36:39.842');
INSERT INTO public."Locker" VALUES ('29ab15ce-88c3-4401-b538-d4b67f6524ab', 'L/M01/098', 'M01', 'FILLED', '2026-02-09 08:47:18.964', '2026-02-23 04:36:39.863');
INSERT INTO public."Locker" VALUES ('2eb24399-a760-4e6d-9e32-ada03ffb3655', 'L/M01/119', 'M01', 'FILLED', '2026-02-09 08:47:18.964', '2026-02-23 04:36:39.952');
INSERT INTO public."Locker" VALUES ('00dc358f-b6fb-42da-bc79-2fe0bbddd5a0', 'L/M01/126', 'M01', 'FILLED', '2026-02-09 08:47:18.964', '2026-02-23 04:36:39.986');
INSERT INTO public."Locker" VALUES ('34db655e-1f57-45db-bc01-5c9946c663e6', 'L/F01/017', 'F01', 'FILLED', '2026-02-09 08:47:19.021', '2026-02-23 04:36:39.115');
INSERT INTO public."Locker" VALUES ('3101c7c4-f56e-4008-9910-810e90b60e4a', 'L/F01/020', 'F01', 'FILLED', '2026-02-09 08:47:19.021', '2026-02-23 04:36:39.134');
INSERT INTO public."Locker" VALUES ('063a5d4c-e8e5-4d23-93d1-ff543d823342', 'L/F01/027', 'F01', 'FILLED', '2026-02-09 08:47:19.021', '2026-02-23 04:36:39.178');
INSERT INTO public."Locker" VALUES ('34a8cbd5-25db-45a4-8a62-043d4e2de3e7', 'L/F01/038', 'F01', 'FILLED', '2026-02-09 08:47:19.021', '2026-02-23 04:36:39.246');
INSERT INTO public."Locker" VALUES ('10e96f58-a729-4d03-8290-547680354075', 'L/F01/048', 'F01', 'FILLED', '2026-02-09 08:47:19.021', '2026-02-23 04:36:39.292');
INSERT INTO public."Locker" VALUES ('1ef33257-9cf4-413b-a6cc-c9576ad801f8', 'L/M01/018', 'M01', 'FILLED', '2026-02-09 08:47:18.964', '2026-02-23 04:36:39.447');
INSERT INTO public."Locker" VALUES ('105e7bda-270b-4931-b8ba-fe99884deccd', 'L/M01/046', 'M01', 'FILLED', '2026-02-09 08:47:18.964', '2026-02-23 04:36:39.575');
INSERT INTO public."Locker" VALUES ('235d4bbf-2dbe-4ce3-8d6d-c132a5ecbc94', 'L/M01/067', 'M01', 'FILLED', '2026-02-09 08:47:18.964', '2026-02-23 04:36:39.705');
INSERT INTO public."Locker" VALUES ('3124f825-ac83-4c33-acc3-9a32025fd996', 'L/M01/074', 'M01', 'FILLED', '2026-02-09 08:47:18.964', '2026-02-23 04:36:39.757');
INSERT INTO public."Locker" VALUES ('27d1f380-d2e2-4f51-b0da-e16f5045c194', 'L/M01/077', 'M01', 'FILLED', '2026-02-09 08:47:18.964', '2026-02-23 04:36:39.778');
INSERT INTO public."Locker" VALUES ('008f42be-e57e-4b71-9257-6e289af13bf3', 'L/M01/083', 'M01', 'FILLED', '2026-02-09 08:47:18.964', '2026-02-23 04:36:39.802');
INSERT INTO public."Locker" VALUES ('29a90341-fc38-47dd-8ccd-c4a6f014636e', 'L/M01/088', 'M01', 'FILLED', '2026-02-09 08:47:18.964', '2026-02-23 04:36:39.821');
INSERT INTO public."Locker" VALUES ('05281800-28ab-4cfe-9cb1-51ef7be46d7d', 'L/M01/092', 'M01', 'FILLED', '2026-02-09 08:47:18.964', '2026-02-23 04:36:39.833');
INSERT INTO public."Locker" VALUES ('1ed904e9-42b3-452d-9869-3d0ca9405723', 'L/M01/108', 'M01', 'FILLED', '2026-02-09 08:47:18.964', '2026-02-23 04:36:39.906');
INSERT INTO public."Locker" VALUES ('05a7f063-c949-4fc8-8a7f-3d19365bcd43', 'L/M01/114', 'M01', 'FILLED', '2026-02-09 08:47:18.964', '2026-02-23 04:36:39.934');
INSERT INTO public."Locker" VALUES ('3658e2f0-c0bd-47de-a9c0-16df1cc4fcc2', 'L/M01/134', 'M01', 'FILLED', '2026-02-09 08:47:18.964', '2026-02-23 04:36:40.017');
INSERT INTO public."Locker" VALUES ('2ae8adb6-8cdf-422f-a454-e505459e88ef', 'L/M01/139', 'M01', 'FILLED', '2026-02-09 08:47:18.964', '2026-02-23 04:36:40.032');
INSERT INTO public."Locker" VALUES ('37d8d725-9c7c-41a8-997e-3a01f7f8239d', 'L/M01/153', 'M01', 'FILLED', '2026-02-09 08:47:18.964', '2026-02-23 04:36:40.075');
INSERT INTO public."Locker" VALUES ('275d2c08-d0da-4c4e-8d17-4879ac350d41', 'L/M01/158', 'M01', 'FILLED', '2026-02-09 08:47:18.964', '2026-02-23 04:36:40.087');
INSERT INTO public."Locker" VALUES ('1a0791e3-3bc2-4095-ac8b-4fe95be32448', 'L/M01/163', 'M01', 'FILLED', '2026-02-09 08:47:18.964', '2026-02-23 04:36:40.112');
INSERT INTO public."Locker" VALUES ('3375a184-79b0-4923-8d02-731d2f880cc0', 'L/M01/177', 'M01', 'FILLED', '2026-02-09 08:47:18.964', '2026-02-23 04:36:40.164');
INSERT INTO public."Locker" VALUES ('37af5c4c-baee-4e00-9d3e-f7aba36ca181', 'L/M01/194', 'M01', 'FILLED', '2026-02-09 08:47:18.964', '2026-02-23 04:36:40.205');
INSERT INTO public."Locker" VALUES ('0cca10b1-a837-4e68-b932-f91296054d76', 'L/M01/206', 'M01', 'FILLED', '2026-02-09 08:47:18.964', '2026-02-23 04:36:40.23');
INSERT INTO public."Locker" VALUES ('353781fa-0c72-49af-823a-10a379383ef3', 'L/M02/002', 'M02', 'FILLED', '2026-02-09 08:47:19.016', '2026-02-23 04:36:40.251');
INSERT INTO public."Locker" VALUES ('0fd5a5b4-745d-44cf-b753-0838aa58ed42', 'L/M02/038', 'M02', 'FILLED', '2026-02-09 08:47:19.016', '2026-02-23 04:36:40.312');
INSERT INTO public."Locker" VALUES ('18a76f20-f85a-46c8-8ea4-e961951cfcef', 'L/F01/047', 'F01', 'FILLED', '2026-02-09 08:47:19.021', '2026-02-23 05:59:16.638');
INSERT INTO public."Locker" VALUES ('027c6b8b-b719-4ebd-bf35-c886052f48c6', 'L/F01/008', 'F01', 'FILLED', '2026-02-09 08:47:19.021', '2026-02-23 04:36:39.006');
INSERT INTO public."Locker" VALUES ('0cead4b9-3b1f-4f94-a660-b38bfecc834a', 'L/F01/073', 'F01', 'FILLED', '2026-02-09 08:47:19.021', '2026-02-23 06:01:58.666');
INSERT INTO public."Locker" VALUES ('39c21877-df79-4f01-9072-0e10533e9e2f', 'L/F01/028', 'F01', 'AVAILABLE', '2026-02-09 08:47:19.021', '2026-02-09 08:47:19.021');
INSERT INTO public."Locker" VALUES ('39c83435-0f28-49b8-8da3-a292ef72b916', 'L/M02/008', 'M02', 'AVAILABLE', '2026-02-09 08:47:19.016', '2026-02-09 08:47:19.016');
INSERT INTO public."Locker" VALUES ('3d796ffe-c391-41b6-a9a9-2918775040f4', 'L/M01/187', 'M01', 'AVAILABLE', '2026-02-09 08:47:18.964', '2026-02-09 08:47:18.964');
INSERT INTO public."Locker" VALUES ('41cef452-9a33-4d89-a02d-8fcc59a5eabc', 'L/F01/069', 'F01', 'AVAILABLE', '2026-02-09 08:47:19.021', '2026-02-09 08:47:19.021');
INSERT INTO public."Locker" VALUES ('421c16c0-ca30-4cf1-b726-14fb2ccb8d25', 'L/M01/209', 'M01', 'AVAILABLE', '2026-02-09 08:47:18.964', '2026-02-09 08:47:18.964');
INSERT INTO public."Locker" VALUES ('43b375b5-5f4d-4e76-9ca3-0bb835f9b5ac', 'L/F01/054', 'F01', 'AVAILABLE', '2026-02-09 08:47:19.021', '2026-02-09 08:47:19.021');
INSERT INTO public."Locker" VALUES ('46f45d81-a13f-4192-89b2-90953fcdb949', 'L/F01/042', 'F01', 'MAINTENANCE', '2026-02-09 08:47:19.021', '2026-02-10 04:56:36.783');
INSERT INTO public."Locker" VALUES ('4ae894e8-9d83-4269-b326-da2ebc5d00c8', 'L/M01/148', 'M01', 'AVAILABLE', '2026-02-09 08:47:18.964', '2026-02-09 08:47:18.964');
INSERT INTO public."Locker" VALUES ('4b80e1af-00ac-49b8-8615-d86e97e5dcb6', 'L/M01/132', 'M01', 'MAINTENANCE', '2026-02-09 08:47:18.964', '2026-02-10 07:02:03.65');
INSERT INTO public."Locker" VALUES ('4c308cc7-b4d4-450a-86e4-4de922874581', 'L/M01/216', 'M01', 'AVAILABLE', '2026-02-09 08:47:18.964', '2026-02-09 08:47:18.964');
INSERT INTO public."Locker" VALUES ('4ec274e1-63bf-4923-88d7-3110339b464e', 'L/M02/018', 'M02', 'AVAILABLE', '2026-02-09 08:47:19.016', '2026-02-09 08:47:19.016');
INSERT INTO public."Locker" VALUES ('4ede4591-d808-4373-a203-b7c318506507', 'L/M01/081', 'M01', 'UNIDENTIFIED', '2026-02-09 08:47:18.964', '2026-02-10 06:45:14.676');
INSERT INTO public."Locker" VALUES ('54ecf21f-f6b5-41fa-b0ce-a7730e8a7a44', 'L/M01/210', 'M01', 'AVAILABLE', '2026-02-09 08:47:18.964', '2026-02-09 08:47:18.964');
INSERT INTO public."Locker" VALUES ('55675ba0-8f53-4710-9a06-48abee63d482', 'L/M01/129', 'M01', 'UNIDENTIFIED', '2026-02-09 08:47:18.964', '2026-02-10 07:01:18.221');
INSERT INTO public."Locker" VALUES ('56c20b76-e612-4bb6-a962-0d480648765b', 'L/M01/089', 'M01', 'AVAILABLE', '2026-02-09 08:47:18.964', '2026-02-09 08:47:18.964');
INSERT INTO public."Locker" VALUES ('5cc5b980-7cdf-4d36-bb54-c9860ffcb38f', 'L/M02/033', 'M02', 'AVAILABLE', '2026-02-09 08:47:19.016', '2026-02-09 08:47:19.016');
INSERT INTO public."Locker" VALUES ('5ddb1153-33d5-465d-bda2-ced9b4ecd3af', 'L/F01/086', 'F01', 'MAINTENANCE', '2026-02-09 08:47:19.021', '2026-02-10 03:48:25.493');
INSERT INTO public."Locker" VALUES ('602968b7-2c44-42af-a8bb-3779fc79a74d', 'L/M01/175', 'M01', 'AVAILABLE', '2026-02-09 08:47:18.964', '2026-02-09 08:47:18.964');
INSERT INTO public."Locker" VALUES ('615017b5-37c7-4afc-b59d-0becc7023f4e', 'L/F01/068', 'F01', 'AVAILABLE', '2026-02-09 08:47:19.021', '2026-02-09 08:47:19.021');
INSERT INTO public."Locker" VALUES ('621cdc0e-25b9-4975-bdee-9df15e8cb24c', 'L/M01/181', 'M01', 'AVAILABLE', '2026-02-09 08:47:18.964', '2026-02-09 08:47:18.964');
INSERT INTO public."Locker" VALUES ('64bc9efb-aeff-4de0-acec-f4862be779c7', 'L/M01/080', 'M01', 'AVAILABLE', '2026-02-09 08:47:18.964', '2026-02-09 08:47:18.964');
INSERT INTO public."Locker" VALUES ('65744585-71f3-4886-a21b-ede5daa90a51', 'L/M02/015', 'M02', 'AVAILABLE', '2026-02-09 08:47:19.016', '2026-02-09 08:47:19.016');
INSERT INTO public."Locker" VALUES ('669c9dc7-4155-47e0-b191-c9d36c43f4ce', 'L/F01/078', 'F01', 'AVAILABLE', '2026-02-09 08:47:19.021', '2026-02-09 08:47:19.021');
INSERT INTO public."Locker" VALUES ('6792ae65-5809-4b5f-8a28-69f4284c6fd1', 'L/M01/048', 'M01', 'AVAILABLE', '2026-02-09 08:47:18.964', '2026-02-10 06:31:08.436');
INSERT INTO public."Locker" VALUES ('690021b5-fa91-4975-ab65-0458e2fab464', 'L/M01/204', 'M01', 'AVAILABLE', '2026-02-09 08:47:18.964', '2026-02-09 08:47:18.964');
INSERT INTO public."Locker" VALUES ('693063a5-87be-45d2-be0b-3cf13f9565fb', 'L/F01/051', 'F01', 'AVAILABLE', '2026-02-09 08:47:19.021', '2026-02-09 08:47:19.021');
INSERT INTO public."Locker" VALUES ('6a6814e8-1c0d-4abe-8b43-b5ca5a98d60e', 'L/M01/172', 'M01', 'MAINTENANCE', '2026-02-09 08:47:18.964', '2026-02-10 07:28:34.544');
INSERT INTO public."Locker" VALUES ('6bf54201-4b9f-4ea0-a566-81cf0a81f6f1', 'L/M02/039', 'M02', 'AVAILABLE', '2026-02-09 08:47:19.016', '2026-02-09 08:47:19.016');
INSERT INTO public."Locker" VALUES ('6c58863c-5f5a-47e9-882d-9c9305d6867c', 'L/M01/192', 'M01', 'AVAILABLE', '2026-02-09 08:47:18.964', '2026-02-09 08:47:18.964');
INSERT INTO public."Locker" VALUES ('6ebd98b2-105a-45f1-96fa-d18a9c50627b', 'L/M01/198', 'M01', 'AVAILABLE', '2026-02-09 08:47:18.964', '2026-02-09 08:47:18.964');
INSERT INTO public."Locker" VALUES ('71075087-75fb-4c8f-b00b-15ed501ced4d', 'L/F01/079', 'F01', 'AVAILABLE', '2026-02-09 08:47:19.021', '2026-02-09 08:47:19.021');
INSERT INTO public."Locker" VALUES ('726661a6-7fc9-44cb-a149-b9f5a2866c4b', 'L/M01/117', 'M01', 'AVAILABLE', '2026-02-09 08:47:18.964', '2026-02-09 08:47:18.964');
INSERT INTO public."Locker" VALUES ('6d335243-2ffb-4a81-bd5e-2614d0025b8b', 'L/M01/007', 'M01', 'FILLED', '2026-02-09 08:47:18.964', '2026-02-23 04:36:39.397');
INSERT INTO public."Locker" VALUES ('569e1b43-1b9a-48ec-90aa-1efa8c52cef4', 'L/M01/041', 'M01', 'FILLED', '2026-02-09 08:47:18.964', '2026-02-23 04:36:39.536');
INSERT INTO public."Locker" VALUES ('6d161199-89e3-448a-9a9f-a6fecb67ff95', 'L/M01/095', 'M01', 'FILLED', '2026-02-09 08:47:18.964', '2026-02-23 04:36:39.849');
INSERT INTO public."Locker" VALUES ('6cf47fef-a8c8-4332-b6d5-f5e01f2a9a3f', 'L/M01/099', 'M01', 'FILLED', '2026-02-09 08:47:18.964', '2026-02-23 04:36:39.87');
INSERT INTO public."Locker" VALUES ('49d2bcc3-3776-4769-a5a0-5c18664341ef', 'L/M02/017', 'M02', 'FILLED', '2026-02-09 08:47:19.016', '2026-02-23 04:36:40.277');
INSERT INTO public."Locker" VALUES ('3ad8ae46-b821-4b46-ad69-f7f15f0d6aa6', 'L/F01/029', 'F01', 'FILLED', '2026-02-09 08:47:19.021', '2026-02-23 04:36:39.186');
INSERT INTO public."Locker" VALUES ('4a31b6e3-e3eb-4532-8816-7d3dc25da644', 'L/F01/045', 'F01', 'FILLED', '2026-02-09 08:47:19.021', '2026-02-23 04:36:39.281');
INSERT INTO public."Locker" VALUES ('3f59d9d0-d83a-4be0-aec8-c5e4f4dce55b', 'L/M01/019', 'M01', 'FILLED', '2026-02-09 08:47:18.964', '2026-02-23 04:36:39.452');
INSERT INTO public."Locker" VALUES ('568a2720-fc07-417e-8c59-a1d47a49915c', 'L/M01/021', 'M01', 'FILLED', '2026-02-09 08:47:18.964', '2026-02-23 04:36:39.464');
INSERT INTO public."Locker" VALUES ('6f29aed7-3f8b-40f1-8572-07a58f155865', 'L/M01/029', 'M01', 'FILLED', '2026-02-09 08:47:18.964', '2026-02-23 04:36:39.474');
INSERT INTO public."Locker" VALUES ('65d02540-1b7b-4695-97ed-d9cf7647d3ac', 'L/M01/180', 'M01', 'FILLED', '2026-02-09 08:47:18.964', '2026-02-23 04:51:50.694');
INSERT INTO public."Locker" VALUES ('63378363-524a-440d-9ce6-b3fbd2256958', 'L/M01/051', 'M01', 'FILLED', '2026-02-09 08:47:18.964', '2026-02-23 04:36:39.612');
INSERT INTO public."Locker" VALUES ('41da9196-9af1-4e2c-bc52-42abce613b33', 'L/M01/054', 'M01', 'FILLED', '2026-02-09 08:47:18.964', '2026-02-23 04:36:39.629');
INSERT INTO public."Locker" VALUES ('4cf26822-f70b-4c62-bb0e-50ee10401d34', 'L/M01/071', 'M01', 'FILLED', '2026-02-09 08:47:18.964', '2026-02-23 04:42:36.958');
INSERT INTO public."Locker" VALUES ('59ba687a-eb0b-4f74-97f5-05d394b3dde7', 'L/M01/090', 'M01', 'FILLED', '2026-02-09 08:47:18.964', '2026-02-23 04:36:39.826');
INSERT INTO public."Locker" VALUES ('5a53b7a7-a91c-4d48-9642-3ce29fe69881', 'L/M01/031', 'M01', 'FILLED', '2026-02-09 08:47:18.964', '2026-02-23 04:43:51.111');
INSERT INTO public."Locker" VALUES ('4b9ade03-a932-4354-9f57-82d04dd9a626', 'L/M02/032', 'M02', 'FILLED', '2026-02-09 08:47:19.016', '2026-02-23 04:36:40.304');
INSERT INTO public."Locker" VALUES ('6fc71095-e5c8-41ff-9e45-19a362c9e378', 'L/F01/033', 'F01', 'FILLED', '2026-02-09 08:47:19.021', '2026-02-23 04:36:39.21');
INSERT INTO public."Locker" VALUES ('679e4cb4-425b-4d11-9d8c-25d52bdd9af4', 'L/F01/034', 'F01', 'FILLED', '2026-02-09 08:47:19.021', '2026-02-23 04:36:39.219');
INSERT INTO public."Locker" VALUES ('5687e4b8-9ff0-445d-a71a-459f2b7e8f1b', 'L/F01/035', 'F01', 'FILLED', '2026-02-09 08:47:19.021', '2026-02-23 04:36:39.228');
INSERT INTO public."Locker" VALUES ('5ee4e07d-4a77-4635-a674-aa890e406a5c', 'L/F01/053', 'F01', 'FILLED', '2026-02-09 08:47:19.021', '2026-02-23 04:36:39.312');
INSERT INTO public."Locker" VALUES ('5d444c08-c09b-4438-aaff-31520f0c3f42', 'L/M01/003', 'M01', 'FILLED', '2026-02-09 08:47:18.964', '2026-02-23 04:36:39.37');
INSERT INTO public."Locker" VALUES ('50806e18-a292-45ab-87f8-8bd957f5006a', 'L/M01/014', 'M01', 'FILLED', '2026-02-09 08:47:18.964', '2026-02-23 04:36:39.423');
INSERT INTO public."Locker" VALUES ('5b011f95-8807-4176-b033-e8934a671f25', 'L/M01/045', 'M01', 'FILLED', '2026-02-09 08:47:18.964', '2026-02-23 04:36:39.567');
INSERT INTO public."Locker" VALUES ('59589dce-4058-4d62-8558-6912f2d011ec', 'L/M01/050', 'M01', 'FILLED', '2026-02-09 08:47:18.964', '2026-02-23 04:36:39.603');
INSERT INTO public."Locker" VALUES ('538da165-01d6-48cb-99eb-5892775ace93', 'L/M01/063', 'M01', 'FILLED', '2026-02-09 08:47:18.964', '2026-02-23 04:36:39.684');
INSERT INTO public."Locker" VALUES ('441855d1-6d76-4ec9-8943-e8c5bab00e44', 'L/M01/066', 'M01', 'FILLED', '2026-02-09 08:47:18.964', '2026-02-23 04:36:39.698');
INSERT INTO public."Locker" VALUES ('6f2ae0c6-3ce1-4d08-bb62-5b959e01036a', 'L/M01/072', 'M01', 'FILLED', '2026-02-09 08:47:18.964', '2026-02-23 04:36:39.736');
INSERT INTO public."Locker" VALUES ('585b839d-3dcd-46d0-b8a3-a4503f44a2c4', 'L/M01/100', 'M01', 'FILLED', '2026-02-09 08:47:18.964', '2026-02-23 04:36:39.877');
INSERT INTO public."Locker" VALUES ('5462afa6-1be3-4149-a263-8505267fe64d', 'L/M01/107', 'M01', 'FILLED', '2026-02-09 08:47:18.964', '2026-02-23 04:36:39.901');
INSERT INTO public."Locker" VALUES ('51536721-d0fd-4c4e-8961-7929f547b399', 'L/M01/110', 'M01', 'FILLED', '2026-02-09 08:47:18.964', '2026-02-23 04:36:39.916');
INSERT INTO public."Locker" VALUES ('6eced8bb-5e98-44a7-b029-ca55bbf3f816', 'L/M01/113', 'M01', 'FILLED', '2026-02-09 08:47:18.964', '2026-02-23 04:36:39.925');
INSERT INTO public."Locker" VALUES ('6a15f6be-7766-4377-854c-a36ca1354441', 'L/M01/121', 'M01', 'FILLED', '2026-02-09 08:47:18.964', '2026-02-23 04:36:39.971');
INSERT INTO public."Locker" VALUES ('5b7c7fbc-615c-4dd0-9408-5d122850173d', 'L/M01/128', 'M01', 'FILLED', '2026-02-09 08:47:18.964', '2026-02-23 04:36:40.005');
INSERT INTO public."Locker" VALUES ('6f435bad-5c02-455b-91f9-8d3255127b19', 'L/M01/147', 'M01', 'FILLED', '2026-02-09 08:47:18.964', '2026-02-23 04:36:40.059');
INSERT INTO public."Locker" VALUES ('45c0f9c8-2a39-43e2-a5c1-54cf173b5398', 'L/M01/159', 'M01', 'FILLED', '2026-02-09 08:47:18.964', '2026-02-23 04:36:40.095');
INSERT INTO public."Locker" VALUES ('5c61f7ce-9be6-4d06-9825-e6adc8ad5ba4', 'L/M01/161', 'M01', 'FILLED', '2026-02-09 08:47:18.964', '2026-02-23 04:36:40.103');
INSERT INTO public."Locker" VALUES ('71226ffb-8080-4c65-92f2-59cf3a18c5e1', 'L/M01/171', 'M01', 'FILLED', '2026-02-09 08:47:18.964', '2026-02-23 04:36:40.151');
INSERT INTO public."Locker" VALUES ('3d8cd8ec-96fd-41ba-82b4-58c051493eb6', 'L/M01/086', 'M01', 'AVAILABLE', '2026-02-09 08:47:18.964', '2026-02-23 06:09:21.067');
INSERT INTO public."Locker" VALUES ('4b21efc8-6ace-44a3-b6cf-5c439707a6fd', 'L/M01/212', 'M01', 'FILLED', '2026-02-09 08:47:18.964', '2026-02-23 04:36:40.241');
INSERT INTO public."Locker" VALUES ('60c5d86f-0c1a-4883-a8e2-da623a1290a1', 'L/M02/026', 'M02', 'FILLED', '2026-02-09 08:47:19.016', '2026-02-23 04:36:40.295');
INSERT INTO public."Locker" VALUES ('691b9eeb-4396-471b-b68e-cd2a5519cdb9', 'L/M01/135', 'M01', 'FILLED', '2026-02-09 08:47:18.964', '2026-02-23 04:41:21.854');
INSERT INTO public."Locker" VALUES ('4fcdc6c3-42ac-4ae9-826c-a9b2c0abea3a', 'L/F01/056', 'F01', 'FILLED', '2026-02-09 08:47:19.021', '2026-02-23 04:36:39.32');
INSERT INTO public."Locker" VALUES ('4e01292e-3fec-4263-b0c8-d4ce8c996aea', 'L/F01/001', 'F01', 'FILLED', '2026-02-09 08:47:19.021', '2026-02-23 04:36:38.774');
INSERT INTO public."Locker" VALUES ('56e8f4bd-e1cf-4abf-91c1-ba2ef40c4cde', 'L/M01/156', 'M01', 'MAINTENANCE', '2026-02-09 08:47:18.964', '2026-02-23 04:57:30.559');
INSERT INTO public."Locker" VALUES ('3a18e747-e2e7-4e1d-a5e7-6e9f2e22707f', 'L/M02/010', 'M02', 'AVAILABLE', '2026-02-09 08:47:19.016', '2026-02-23 06:20:23.175');
INSERT INTO public."Locker" VALUES ('73e9c76f-b299-44e0-b194-812f08da198d', 'L/M01/203', 'M01', 'MAINTENANCE', '2026-02-09 08:47:18.964', '2026-02-10 07:38:38.885');
INSERT INTO public."Locker" VALUES ('75b6c5d7-aada-4a6d-b20f-03fe68cc61c9', 'L/F01/055', 'F01', 'UNIDENTIFIED', '2026-02-09 08:47:19.021', '2026-02-10 04:55:06.534');
INSERT INTO public."Locker" VALUES ('7610de79-2216-4478-b3c3-9babff86e793', 'L/F01/057', 'F01', 'AVAILABLE', '2026-02-09 08:47:19.021', '2026-02-09 08:47:19.021');
INSERT INTO public."Locker" VALUES ('767d6fea-d690-47b7-be43-c33791b3bbd5', 'L/M01/207', 'M01', 'UNIDENTIFIED', '2026-02-09 08:47:18.964', '2026-02-10 07:36:38.962');
INSERT INTO public."Locker" VALUES ('77f3cbcd-1a28-4a89-a7b4-e1e76ce61cf7', 'L/M02/021', 'M02', 'AVAILABLE', '2026-02-09 08:47:19.016', '2026-02-09 08:47:19.016');
INSERT INTO public."Locker" VALUES ('77f82076-e1b0-440e-a7e1-54398ffe4e23', 'L/F01/082', 'F01', 'MAINTENANCE', '2026-02-09 08:47:19.021', '2026-02-10 03:49:07.785');
INSERT INTO public."Locker" VALUES ('78b458df-04ff-4d87-87b9-70f2b320f2a7', 'L/F01/077', 'F01', 'AVAILABLE', '2026-02-09 08:47:19.021', '2026-02-09 08:47:19.021');
INSERT INTO public."Locker" VALUES ('7c75e6f7-9d0c-439b-b9d0-af49e8cb95c3', 'L/M02/001', 'M02', 'AVAILABLE', '2026-02-09 08:47:19.016', '2026-02-09 08:47:19.016');
INSERT INTO public."Locker" VALUES ('7cbbaacc-a56d-427e-813d-52e07ac9a623', 'L/M01/133', 'M01', 'AVAILABLE', '2026-02-09 08:47:18.964', '2026-02-09 08:47:18.964');
INSERT INTO public."Locker" VALUES ('7ce7d568-95f0-49ae-be53-e79e77d2950f', 'L/M02/005', 'M02', 'AVAILABLE', '2026-02-09 08:47:19.016', '2026-02-09 08:47:19.016');
INSERT INTO public."Locker" VALUES ('7f5bf068-4b68-44c6-a18e-537c52091d90', 'L/F01/064', 'F01', 'AVAILABLE', '2026-02-09 08:47:19.021', '2026-02-09 08:47:19.021');
INSERT INTO public."Locker" VALUES ('7f9509b3-b4c9-4904-a704-ff8f4e45a8bf', 'L/M01/013', 'M01', 'AVAILABLE', '2026-02-09 08:47:18.964', '2026-02-10 06:19:18.484');
INSERT INTO public."Locker" VALUES ('810436fd-2617-4dbe-ae0e-391f6444b17b', 'L/M02/012', 'M02', 'AVAILABLE', '2026-02-09 08:47:19.016', '2026-02-09 08:47:19.016');
INSERT INTO public."Locker" VALUES ('81b62d7a-46d3-4fd6-a49c-38f8e87f5080', 'L/M01/012', 'M01', 'AVAILABLE', '2026-02-09 08:47:18.964', '2026-02-10 06:18:21.103');
INSERT INTO public."Locker" VALUES ('82d75f61-83f3-4879-a0c7-05ad743b1ef1', 'L/M01/211', 'M01', 'AVAILABLE', '2026-02-09 08:47:18.964', '2026-02-09 08:47:18.964');
INSERT INTO public."Locker" VALUES ('83d9d1cf-c2b7-4841-be7c-384d91a58935', 'L/M02/009', 'M02', 'AVAILABLE', '2026-02-09 08:47:19.016', '2026-02-09 08:47:19.016');
INSERT INTO public."Locker" VALUES ('8483bdee-6dfc-4cde-bce9-d47818b03bda', 'L/M01/213', 'M01', 'AVAILABLE', '2026-02-09 08:47:18.964', '2026-02-09 08:47:18.964');
INSERT INTO public."Locker" VALUES ('879fee52-faea-4ec5-b7a9-187adb06a267', 'L/M01/208', 'M01', 'AVAILABLE', '2026-02-09 08:47:18.964', '2026-02-09 08:47:18.964');
INSERT INTO public."Locker" VALUES ('8bdc0d7a-e454-48ab-8846-b45ab17dbf0b', 'L/F01/059', 'F01', 'AVAILABLE', '2026-02-09 08:47:19.021', '2026-02-09 08:47:19.021');
INSERT INTO public."Locker" VALUES ('8c26c7ab-b0e3-4ca8-90cd-80c8fd26fe7c', 'L/M01/140', 'M01', 'MAINTENANCE', '2026-02-09 08:47:18.964', '2026-02-10 07:07:25.041');
INSERT INTO public."Locker" VALUES ('8f923f28-2dcb-442f-be5a-8b1c5c3dc5c0', 'L/M01/195', 'M01', 'AVAILABLE', '2026-02-09 08:47:18.964', '2026-02-09 08:47:18.964');
INSERT INTO public."Locker" VALUES ('9073c922-9f0c-4058-9c93-eb15f527aec3', 'L/M01/111', 'M01', 'MAINTENANCE', '2026-02-09 08:47:18.964', '2026-02-10 06:58:18.462');
INSERT INTO public."Locker" VALUES ('909fa81a-836a-42ed-a59b-c61729cc69b0', 'L/M02/030', 'M02', 'AVAILABLE', '2026-02-09 08:47:19.016', '2026-02-09 08:47:19.016');
INSERT INTO public."Locker" VALUES ('90b1a392-331c-44b2-b79e-37cd0c2c4290', 'L/M02/036', 'M02', 'AVAILABLE', '2026-02-09 08:47:19.016', '2026-02-09 08:47:19.016');
INSERT INTO public."Locker" VALUES ('96358bd7-1377-48ac-9a0c-59c326f18a90', 'L/M02/014', 'M02', 'AVAILABLE', '2026-02-09 08:47:19.016', '2026-02-09 08:47:19.016');
INSERT INTO public."Locker" VALUES ('976af746-ee4c-4f84-9c6e-7c3489d8cf3a', 'L/M01/102', 'M01', 'UNIDENTIFIED', '2026-02-09 08:47:18.964', '2026-02-10 06:55:30.349');
INSERT INTO public."Locker" VALUES ('98f5cd32-e968-4fd2-876f-69155e235779', 'L/M01/053', 'M01', 'MAINTENANCE', '2026-02-09 08:47:18.964', '2026-02-10 06:37:00.073');
INSERT INTO public."Locker" VALUES ('997d956e-d128-4b5e-9ea8-ed309b1c1ae0', 'L/M01/136', 'M01', 'MAINTENANCE', '2026-02-09 08:47:18.964', '2026-02-10 07:06:59.721');
INSERT INTO public."Locker" VALUES ('9addde43-6ec6-473a-a49d-eb7d8a8b3046', 'L/M01/196', 'M01', 'AVAILABLE', '2026-02-09 08:47:18.964', '2026-02-09 08:47:18.964');
INSERT INTO public."Locker" VALUES ('9cfab6fb-2210-4614-aaad-4f1780861362', 'L/M01/024', 'M01', 'AVAILABLE', '2026-02-09 08:47:18.964', '2026-02-09 08:47:18.964');
INSERT INTO public."Locker" VALUES ('9ec48f37-6284-42b0-b08d-787b62478b87', 'L/M01/155', 'M01', 'MAINTENANCE', '2026-02-09 08:47:18.964', '2026-02-10 07:16:34.651');
INSERT INTO public."Locker" VALUES ('9f39bd92-4c6f-4beb-86cd-ba78f7cd2f06', 'L/M02/042', 'M02', 'AVAILABLE', '2026-02-09 08:47:19.016', '2026-02-09 08:47:19.016');
INSERT INTO public."Locker" VALUES ('a02ac5e8-3fcf-4f7a-a18f-705d7d060399', 'L/M01/162', 'M01', 'MAINTENANCE', '2026-02-09 08:47:18.964', '2026-02-10 07:17:40.974');
INSERT INTO public."Locker" VALUES ('a41070c4-cd31-41fe-aa4f-b07524ab8ac3', 'L/M01/157', 'M01', 'AVAILABLE', '2026-02-09 08:47:18.964', '2026-02-09 08:47:18.964');
INSERT INTO public."Locker" VALUES ('a4db6f07-0203-4750-a925-9e89ac080bf2', 'L/M01/205', 'M01', 'AVAILABLE', '2026-02-09 08:47:18.964', '2026-02-09 08:47:18.964');
INSERT INTO public."Locker" VALUES ('a82054bb-b1af-420f-8002-c2883528eeba', 'L/F01/085', 'F01', 'AVAILABLE', '2026-02-09 08:47:19.021', '2026-02-09 08:47:19.021');
INSERT INTO public."Locker" VALUES ('a8260be0-5d97-428f-92ae-8638b37ee067', 'L/M01/022', 'M01', 'UNIDENTIFIED', '2026-02-09 08:47:18.964', '2026-02-10 06:21:16.109');
INSERT INTO public."Locker" VALUES ('a8beef9a-2c51-4688-a8d3-5ab26c68c31b', 'L/F01/088', 'F01', 'AVAILABLE', '2026-02-09 08:47:19.021', '2026-02-09 08:47:19.021');
INSERT INTO public."Locker" VALUES ('ac6f3361-f6da-44e3-9f30-aa10c7b41567', 'L/M01/105', 'M01', 'AVAILABLE', '2026-02-09 08:47:18.964', '2026-02-09 08:47:18.964');
INSERT INTO public."Locker" VALUES ('acc2a0d7-a40e-4b50-b701-74c64b774289', 'L/F01/061', 'F01', 'AVAILABLE', '2026-02-09 08:47:19.021', '2026-02-09 08:47:19.021');
INSERT INTO public."Locker" VALUES ('afa7f752-98ea-4dff-98f8-fda3a0666817', 'L/M01/186', 'M01', 'AVAILABLE', '2026-02-09 08:47:18.964', '2026-02-09 08:47:18.964');
INSERT INTO public."Locker" VALUES ('b0d672f9-aad8-438d-9bdf-7f985d45f5a5', 'L/M01/109', 'M01', 'MAINTENANCE', '2026-02-09 08:47:18.964', '2026-02-10 06:57:43.939');
INSERT INTO public."Locker" VALUES ('a83a2cf9-57f8-4897-88e3-44dac49ea1db', 'L/M01/005', 'M01', 'FILLED', '2026-02-09 08:47:18.964', '2026-02-23 04:36:39.384');
INSERT INTO public."Locker" VALUES ('affda534-2c44-403f-85f2-31870ca58b5c', 'L/M01/016', 'M01', 'FILLED', '2026-02-09 08:47:18.964', '2026-02-23 04:36:39.437');
INSERT INTO public."Locker" VALUES ('a17bb6e3-e488-4562-a913-990e64e1974d', 'L/M01/127', 'M01', 'FILLED', '2026-02-09 08:47:18.964', '2026-02-23 04:36:39.996');
INSERT INTO public."Locker" VALUES ('99beb380-e186-4356-b266-f437a1ab934c', 'L/M01/200', 'M01', 'FILLED', '2026-02-09 08:47:18.964', '2026-02-23 04:36:40.211');
INSERT INTO public."Locker" VALUES ('aaa8572f-87fc-4a84-acf2-e496c775a21b', 'L/M02/007', 'M02', 'FILLED', '2026-02-09 08:47:19.016', '2026-02-23 04:36:40.265');
INSERT INTO public."Locker" VALUES ('75b46ca1-e907-4d4d-a228-b78130108a73', 'L/F01/037', 'F01', 'FILLED', '2026-02-09 08:47:19.021', '2026-02-23 04:36:39.236');
INSERT INTO public."Locker" VALUES ('9e8e284a-997c-416d-9a74-2590314e017f', 'L/F01/046', 'F01', 'FILLED', '2026-02-09 08:47:19.021', '2026-02-23 04:36:39.287');
INSERT INTO public."Locker" VALUES ('8edab21d-1f42-4d2d-865c-aee23ea7a294', 'L/F01/071', 'F01', 'FILLED', '2026-02-09 08:47:19.021', '2026-02-23 04:36:39.331');
INSERT INTO public."Locker" VALUES ('94ebe11f-4c0f-41b1-8eea-c671d3daf0cf', 'L/M01/010', 'M01', 'FILLED', '2026-02-09 08:47:18.964', '2026-02-23 04:36:39.411');
INSERT INTO public."Locker" VALUES ('8d077331-f314-41a7-8638-b23e7887cc8d', 'L/M01/020', 'M01', 'FILLED', '2026-02-09 08:47:18.964', '2026-02-23 04:36:39.457');
INSERT INTO public."Locker" VALUES ('95a4b66b-7d6a-4895-bae1-693d22bca3a2', 'L/M01/061', 'M01', 'FILLED', '2026-02-09 08:47:18.964', '2026-02-23 04:36:39.669');
INSERT INTO public."Locker" VALUES ('abbaf995-7dd8-4cdb-958b-45d1e3e12998', 'L/M01/069', 'M01', 'FILLED', '2026-02-09 08:47:18.964', '2026-02-23 04:36:39.719');
INSERT INTO public."Locker" VALUES ('920424be-aaf3-451b-89c1-008b2bc8dfdc', 'L/M01/115', 'M01', 'FILLED', '2026-02-09 08:47:18.964', '2026-02-23 04:36:39.943');
INSERT INTO public."Locker" VALUES ('7f830515-f5d4-4255-9e5b-66420f5ba5e7', 'L/M01/120', 'M01', 'FILLED', '2026-02-09 08:47:18.964', '2026-02-23 04:36:39.963');
INSERT INTO public."Locker" VALUES ('87f2738c-b43b-47f9-ba4f-ef558b556558', 'L/M01/138', 'M01', 'FILLED', '2026-02-09 08:47:18.964', '2026-02-23 04:36:40.028');
INSERT INTO public."Locker" VALUES ('7ed81d08-b52a-453e-aabc-ead50bc7dd90', 'L/M01/176', 'M01', 'FILLED', '2026-02-09 08:47:18.964', '2026-02-23 04:36:40.158');
INSERT INTO public."Locker" VALUES ('a1204aab-27e3-4d3e-9c2c-eee72d3e5f28', 'L/M01/174', 'M01', 'AVAILABLE', '2026-02-09 08:47:18.964', '2026-02-23 04:56:33.726');
INSERT INTO public."Locker" VALUES ('8db3a932-f2d5-4533-8896-355c5e50c9cb', 'L/F01/009', 'F01', 'FILLED', '2026-02-09 08:47:19.021', '2026-02-23 04:36:39.02');
INSERT INTO public."Locker" VALUES ('86c8e274-a03b-4a52-ab55-262806c5de22', 'L/F01/025', 'F01', 'FILLED', '2026-02-09 08:47:19.021', '2026-02-23 04:36:39.162');
INSERT INTO public."Locker" VALUES ('9447c794-597d-48a2-aeed-8d6370bb8d5f', 'L/F01/044', 'F01', 'FILLED', '2026-02-09 08:47:19.021', '2026-02-23 04:36:39.275');
INSERT INTO public."Locker" VALUES ('94bd8224-6fcd-46ef-8bef-01cee6bf6b09', 'L/F01/049', 'F01', 'FILLED', '2026-02-09 08:47:19.021', '2026-02-23 04:36:39.298');
INSERT INTO public."Locker" VALUES ('731305a0-a15b-4236-ad1a-00cbbc909737', 'L/F01/052', 'F01', 'FILLED', '2026-02-09 08:47:19.021', '2026-02-23 04:36:39.306');
INSERT INTO public."Locker" VALUES ('a6a585e9-0e54-4ce9-93f2-654c45612de6', 'L/M01/009', 'M01', 'FILLED', '2026-02-09 08:47:18.964', '2026-02-23 04:36:39.403');
INSERT INTO public."Locker" VALUES ('89ee5dc1-3213-490b-92fc-92dcab789146', 'L/M01/030', 'M01', 'FILLED', '2026-02-09 08:47:18.964', '2026-02-23 04:36:39.48');
INSERT INTO public."Locker" VALUES ('83f5fded-55a1-4a01-8231-206758c66150', 'L/M01/039', 'M01', 'FILLED', '2026-02-09 08:47:18.964', '2026-02-23 04:36:39.523');
INSERT INTO public."Locker" VALUES ('8cee4dc6-7e66-49d1-873c-45c25795981c', 'L/M01/043', 'M01', 'FILLED', '2026-02-09 08:47:18.964', '2026-02-23 04:36:39.549');
INSERT INTO public."Locker" VALUES ('87766e90-44d9-4eff-aad3-814a8e3b1614', 'L/M01/044', 'M01', 'FILLED', '2026-02-09 08:47:18.964', '2026-02-23 04:36:39.559');
INSERT INTO public."Locker" VALUES ('7d1ccca3-6b8a-4b0b-8f26-76d5fc846e45', 'L/M01/073', 'M01', 'FILLED', '2026-02-09 08:47:18.964', '2026-02-23 04:36:39.746');
INSERT INTO public."Locker" VALUES ('99a8999c-884b-4eff-8177-0ea721af2856', 'L/M01/087', 'M01', 'FILLED', '2026-02-09 08:47:18.964', '2026-02-23 04:36:39.814');
INSERT INTO public."Locker" VALUES ('89c703fd-242a-4cda-8c36-e0e3688a9131', 'L/M01/165', 'M01', 'FILLED', '2026-02-09 08:47:18.964', '2026-02-23 04:36:40.121');
INSERT INTO public."Locker" VALUES ('8cdb9bef-dfe0-428f-9d13-f2c95020551d', 'L/M01/190', 'M01', 'FILLED', '2026-02-09 08:47:18.964', '2026-02-23 04:36:40.188');
INSERT INTO public."Locker" VALUES ('9225cc6f-0586-4cce-a461-85a28610fb13', 'L/M02/031', 'M02', 'FILLED', '2026-02-09 08:47:19.016', '2026-02-23 04:36:40.3');
INSERT INTO public."Locker" VALUES ('aee19230-0ee7-41cf-b525-e997d7c7cb6b', 'L/M02/041', 'M02', 'FILLED', '2026-02-09 08:47:19.016', '2026-02-23 04:36:40.318');
INSERT INTO public."Locker" VALUES ('755948d4-cbfb-47aa-90e5-2d384e98b81a', 'L/M01/179', 'M01', 'FILLED', '2026-02-09 08:47:18.964', '2026-02-23 04:51:19.483');
INSERT INTO public."Locker" VALUES ('a4903758-8647-450b-a2b7-dcdb0b2f2c29', 'L/F01/002', 'F01', 'FILLED', '2026-02-09 08:47:19.021', '2026-02-23 04:36:38.898');
INSERT INTO public."Locker" VALUES ('75d3274a-7c89-4258-9dbe-1e922ce2fe46', 'L/F01/043', 'F01', 'FILLED', '2026-02-09 08:47:19.021', '2026-02-23 06:00:18.408');
INSERT INTO public."Locker" VALUES ('82bfdc8e-311a-4110-b640-e2939bae2b19', 'L/M01/079', 'M01', 'FILLED', '2026-02-09 08:47:18.964', '2026-02-23 05:58:02.421');
INSERT INTO public."Locker" VALUES ('b3d38e2f-99c4-4c6b-801f-ad0539edad55', 'L/M01/112', 'M01', 'MAINTENANCE', '2026-02-09 08:47:18.964', '2026-02-10 06:58:24.072');
INSERT INTO public."Locker" VALUES ('b79e5a29-f420-462a-977c-b657663d45d9', 'L/F01/060', 'F01', 'UNIDENTIFIED', '2026-02-09 08:47:19.021', '2026-02-10 04:55:51.771');
INSERT INTO public."Locker" VALUES ('b826e272-4a17-410e-8deb-985109f533d6', 'L/M01/101', 'M01', 'MAINTENANCE', '2026-02-09 08:47:18.964', '2026-02-10 06:55:03.034');
INSERT INTO public."Locker" VALUES ('bbf5f23f-1ff1-4be0-910a-704931df5c27', 'L/F01/092', 'F01', 'UNIDENTIFIED', '2026-02-09 08:47:19.021', '2026-02-10 04:54:14.599');
INSERT INTO public."Locker" VALUES ('bcc6f1fb-bfe8-4bb2-9fc9-56d29bc886d2', 'L/M01/164', 'M01', 'AVAILABLE', '2026-02-09 08:47:18.964', '2026-02-10 07:18:38.957');
INSERT INTO public."Locker" VALUES ('c1d1b667-2e12-4eaa-94a9-cb20e66b6d04', 'L/M02/023', 'M02', 'AVAILABLE', '2026-02-09 08:47:19.016', '2026-02-09 08:47:19.016');
INSERT INTO public."Locker" VALUES ('c1f49e68-87e1-4081-a662-50b653ebb908', 'L/M01/057', 'M01', 'UNIDENTIFIED', '2026-02-09 08:47:18.964', '2026-02-10 06:37:41.146');
INSERT INTO public."Locker" VALUES ('c25d509a-ba5c-4caf-8fe9-6c0c38a963c2', 'L/F01/062', 'F01', 'AVAILABLE', '2026-02-09 08:47:19.021', '2026-02-09 08:47:19.021');
INSERT INTO public."Locker" VALUES ('c2f83f29-8398-4460-bf71-637600bd4a26', 'L/M02/004', 'M02', 'AVAILABLE', '2026-02-09 08:47:19.016', '2026-02-09 08:47:19.016');
INSERT INTO public."Locker" VALUES ('c5223d30-8d6d-4495-a1cc-2c60ff607d01', 'L/F01/090', 'F01', 'MAINTENANCE', '2026-02-09 08:47:19.021', '2026-02-10 03:47:18.879');
INSERT INTO public."Locker" VALUES ('c53e78ef-dc0d-450f-b704-9e70e16dac28', 'L/M01/130', 'M01', 'AVAILABLE', '2026-02-09 08:47:18.964', '2026-02-09 08:47:18.964');
INSERT INTO public."Locker" VALUES ('c6c7daa1-9529-430b-9cdb-8ccdcfa1c037', 'L/F01/030', 'F01', 'MAINTENANCE', '2026-02-09 08:47:19.021', '2026-02-10 04:56:48.182');
INSERT INTO public."Locker" VALUES ('c94d833f-242c-49ea-8eee-02faa8244293', 'L/M01/169', 'M01', 'UNIDENTIFIED', '2026-02-09 08:47:18.964', '2026-02-10 07:19:43.265');
INSERT INTO public."Locker" VALUES ('c9a7ce49-9841-4de5-b3d0-74d8b6bdc274', 'L/F01/087', 'F01', 'AVAILABLE', '2026-02-09 08:47:19.021', '2026-02-09 08:47:19.021');
INSERT INTO public."Locker" VALUES ('c9a98fe5-1417-439b-8698-97f9832b78b6', 'L/M02/027', 'M02', 'AVAILABLE', '2026-02-09 08:47:19.016', '2026-02-09 08:47:19.016');
INSERT INTO public."Locker" VALUES ('ca95fddb-a3f3-4dc7-8b1a-c0916d4ab3b6', 'L/M02/029', 'M02', 'AVAILABLE', '2026-02-09 08:47:19.016', '2026-02-09 08:47:19.016');
INSERT INTO public."Locker" VALUES ('cad13001-788e-44ca-8102-84ef73c346fd', 'L/M02/022', 'M02', 'AVAILABLE', '2026-02-09 08:47:19.016', '2026-02-09 08:47:19.016');
INSERT INTO public."Locker" VALUES ('cba8f2cc-3ac8-426b-8ae3-d7284f411570', 'L/M01/170', 'M01', 'AVAILABLE', '2026-02-09 08:47:18.964', '2026-02-09 08:47:18.964');
INSERT INTO public."Locker" VALUES ('cc9bf501-216e-4667-bdb4-f1c900b878b4', 'L/M01/116', 'M01', 'MAINTENANCE', '2026-02-09 08:47:18.964', '2026-02-10 06:58:47.434');
INSERT INTO public."Locker" VALUES ('ccb3ef0c-ae0e-418e-8d84-f1947934c07d', 'L/M01/084', 'M01', 'AVAILABLE', '2026-02-09 08:47:18.964', '2026-02-09 08:47:18.964');
INSERT INTO public."Locker" VALUES ('ce8f8aa7-4984-4a25-9e00-1e5a81f507a8', 'L/M01/125', 'M01', 'AVAILABLE', '2026-02-09 08:47:18.964', '2026-02-09 08:47:18.964');
INSERT INTO public."Locker" VALUES ('cea3359a-7bb2-4958-9e3a-444167c649b3', 'L/M02/035', 'M02', 'AVAILABLE', '2026-02-09 08:47:19.016', '2026-02-09 08:47:19.016');
INSERT INTO public."Locker" VALUES ('cfb12266-3385-4630-bbf6-bd17781795ab', 'L/M01/173', 'M01', 'AVAILABLE', '2026-02-09 08:47:18.964', '2026-02-09 08:47:18.964');
INSERT INTO public."Locker" VALUES ('d096c19d-5250-4193-8c31-1421aa5fe593', 'L/M01/028', 'M01', 'MAINTENANCE', '2026-02-09 08:47:18.964', '2026-02-10 06:26:48.965');
INSERT INTO public."Locker" VALUES ('d4f8da12-26ec-4c39-a216-634d2d5a27e2', 'L/M01/152', 'M01', 'MAINTENANCE', '2026-02-09 08:47:18.964', '2026-02-10 07:15:56.864');
INSERT INTO public."Locker" VALUES ('d69f72d8-38aa-41c4-bd9c-dcf5a30840da', 'L/F01/080', 'F01', 'AVAILABLE', '2026-02-09 08:47:19.021', '2026-02-09 08:47:19.021');
INSERT INTO public."Locker" VALUES ('d6f60a70-63aa-461b-99b5-ea1e071ec36c', 'L/M01/056', 'M01', 'AVAILABLE', '2026-02-09 08:47:18.964', '2026-02-10 07:57:55.097');
INSERT INTO public."Locker" VALUES ('d7a6c739-698c-4126-bebd-2b6445c73179', 'L/M01/026', 'M01', 'AVAILABLE', '2026-02-09 08:47:18.964', '2026-02-09 08:47:18.964');
INSERT INTO public."Locker" VALUES ('d8bb53e3-a677-4f18-9e64-503593113ee6', 'L/M02/024', 'M02', 'AVAILABLE', '2026-02-09 08:47:19.016', '2026-02-09 08:47:19.016');
INSERT INTO public."Locker" VALUES ('d901929e-9a2b-494a-b313-3f20eeeba92f', 'L/M01/150', 'M01', 'AVAILABLE', '2026-02-09 08:47:18.964', '2026-02-09 08:47:18.964');
INSERT INTO public."Locker" VALUES ('df5d34e1-7935-4688-a20f-6c30f1ca0e6b', 'L/M02/037', 'M02', 'AVAILABLE', '2026-02-09 08:47:19.016', '2026-02-09 08:47:19.016');
INSERT INTO public."Locker" VALUES ('e0e01fde-5a66-489a-a838-da9f754370b6', 'L/M01/185', 'M01', 'AVAILABLE', '2026-02-09 08:47:18.964', '2026-02-09 08:47:18.964');
INSERT INTO public."Locker" VALUES ('e1081286-cf58-4579-84d6-2a4e60f74688', 'L/F01/063', 'F01', 'AVAILABLE', '2026-02-09 08:47:19.021', '2026-02-09 08:47:19.021');
INSERT INTO public."Locker" VALUES ('e4d4507b-9c43-4be2-a9aa-658fd481deca', 'L/M02/006', 'M02', 'AVAILABLE', '2026-02-09 08:47:19.016', '2026-02-09 08:47:19.016');
INSERT INTO public."Locker" VALUES ('e51d0184-f939-41f1-bee7-a5104018a8a0', 'L/M01/166', 'M01', 'AVAILABLE', '2026-02-09 08:47:18.964', '2026-02-09 08:47:18.964');
INSERT INTO public."Locker" VALUES ('e633aa40-72b3-4017-9851-2a972310a4bf', 'L/M02/016', 'M02', 'AVAILABLE', '2026-02-09 08:47:19.016', '2026-02-09 08:47:19.016');
INSERT INTO public."Locker" VALUES ('e6857bd8-4f52-42e2-b6fc-fd60f5b07c12', 'L/F01/050', 'F01', 'AVAILABLE', '2026-02-09 08:47:19.021', '2026-02-09 08:47:19.021');
INSERT INTO public."Locker" VALUES ('e86180c3-2c5b-473f-babd-dba49a234cf5', 'L/M01/215', 'M01', 'UNIDENTIFIED', '2026-02-09 08:47:18.964', '2026-02-10 07:32:06.254');
INSERT INTO public."Locker" VALUES ('b16b56f6-94d2-43fc-8189-2f4b79f195b3', 'L/M01/002', 'M01', 'FILLED', '2026-02-09 08:47:18.964', '2026-02-23 04:36:39.363');
INSERT INTO public."Locker" VALUES ('e18b0b15-7a98-4449-854a-b76718853e66', 'L/M01/068', 'M01', 'FILLED', '2026-02-09 08:47:18.964', '2026-02-23 04:36:39.712');
INSERT INTO public."Locker" VALUES ('e48c1820-d86a-4885-86c6-27b93dae4ed0', 'L/M01/082', 'M01', 'FILLED', '2026-02-09 08:47:18.964', '2026-02-23 04:36:39.796');
INSERT INTO public."Locker" VALUES ('c6874171-1e61-41f4-8f44-c290d968596d', 'L/M02/020', 'M02', 'FILLED', '2026-02-09 08:47:19.016', '2026-02-23 04:36:40.289');
INSERT INTO public."Locker" VALUES ('c5dd43d4-1f3d-4e23-b77e-9d203d07b3cf', 'L/M02/034', 'M02', 'FILLED', '2026-02-09 08:47:19.016', '2026-02-23 04:36:40.308');
INSERT INTO public."Locker" VALUES ('cd2a3e25-b8c7-4d85-9aae-767194059049', 'L/F01/007', 'F01', 'FILLED', '2026-02-09 08:47:19.021', '2026-02-23 04:36:38.989');
INSERT INTO public."Locker" VALUES ('b773d3d4-8d8a-4a07-a003-b60a3c444714', 'L/F01/016', 'F01', 'FILLED', '2026-02-09 08:47:19.021', '2026-02-23 04:36:39.107');
INSERT INTO public."Locker" VALUES ('df047c59-1902-4f31-8428-cd6ead9ce536', 'L/F01/041', 'F01', 'FILLED', '2026-02-09 08:47:19.021', '2026-02-23 04:36:39.268');
INSERT INTO public."Locker" VALUES ('cf184b89-7ba4-4965-9b12-c25b2d9fb582', 'L/F01/093', 'F01', 'FILLED', '2026-02-09 08:47:19.021', '2026-02-23 04:36:39.356');
INSERT INTO public."Locker" VALUES ('cf29545f-7fb6-44ed-b729-6c8dda1f9988', 'L/M01/032', 'M01', 'FILLED', '2026-02-09 08:47:18.964', '2026-02-23 04:36:39.492');
INSERT INTO public."Locker" VALUES ('e00701e6-1d9b-4690-9f3f-f85787cbfb54', 'L/M01/055', 'M01', 'FILLED', '2026-02-09 08:47:18.964', '2026-02-23 04:36:39.636');
INSERT INTO public."Locker" VALUES ('cf5c5100-3179-4254-9d9f-dcd43d045a40', 'L/M01/076', 'M01', 'FILLED', '2026-02-09 08:47:18.964', '2026-02-23 04:36:39.773');
INSERT INTO public."Locker" VALUES ('d8bdcadd-c4a4-4a20-8b58-9f8b6c7ffef1', 'L/M01/097', 'M01', 'FILLED', '2026-02-09 08:47:18.964', '2026-02-23 04:36:39.857');
INSERT INTO public."Locker" VALUES ('e57d409f-b1e7-4c0d-94fa-f3f147c98384', 'L/M01/104', 'M01', 'FILLED', '2026-02-09 08:47:18.964', '2026-02-23 04:36:39.89');
INSERT INTO public."Locker" VALUES ('d4565b38-6d94-49a7-9089-8c66e9d642cd', 'L/M01/142', 'M01', 'FILLED', '2026-02-09 08:47:18.964', '2026-02-23 04:36:40.046');
INSERT INTO public."Locker" VALUES ('cf3987fa-3c4e-4170-82c8-86d6059e9ef4', 'L/M01/167', 'M01', 'FILLED', '2026-02-09 08:47:18.964', '2026-02-23 04:36:40.132');
INSERT INTO public."Locker" VALUES ('c48e1e79-7ba6-47cb-8e77-cd2e66e885bc', 'L/M01/201', 'M01', 'FILLED', '2026-02-09 08:47:18.964', '2026-02-23 04:36:40.22');
INSERT INTO public."Locker" VALUES ('e1a2c95a-3659-4fef-8ebe-a39ed8816535', 'L/F01/006', 'F01', 'FILLED', '2026-02-09 08:47:19.021', '2026-02-23 04:36:38.974');
INSERT INTO public."Locker" VALUES ('c4ac0e5a-4f5f-453d-b286-c1d324440189', 'L/F01/011', 'F01', 'FILLED', '2026-02-09 08:47:19.021', '2026-02-23 04:36:39.05');
INSERT INTO public."Locker" VALUES ('d6296e67-8ec8-44ba-a492-751523a488b4', 'L/F01/013', 'F01', 'FILLED', '2026-02-09 08:47:19.021', '2026-02-23 04:36:39.076');
INSERT INTO public."Locker" VALUES ('dd6a513d-ea5b-4a90-968f-af9e78dd03b4', 'L/F01/015', 'F01', 'FILLED', '2026-02-09 08:47:19.021', '2026-02-23 04:36:39.099');
INSERT INTO public."Locker" VALUES ('e949c666-8f2b-4743-b9b1-6fbbae8fd9c5', 'L/F01/024', 'F01', 'FILLED', '2026-02-09 08:47:19.021', '2026-02-23 04:36:39.155');
INSERT INTO public."Locker" VALUES ('e7479e98-36e9-47fe-a5c3-f2ea2b2b519c', 'L/F01/031', 'F01', 'FILLED', '2026-02-09 08:47:19.021', '2026-02-23 04:36:39.194');
INSERT INTO public."Locker" VALUES ('b3d6ebe9-9bfa-44ae-93ff-41fad7a60d93', 'L/F01/058', 'F01', 'FILLED', '2026-02-09 08:47:19.021', '2026-02-23 04:36:39.325');
INSERT INTO public."Locker" VALUES ('c5310039-8ff6-40db-acfe-51ba2f6c1932', 'L/M01/006', 'M01', 'FILLED', '2026-02-09 08:47:18.964', '2026-02-23 04:36:39.389');
INSERT INTO public."Locker" VALUES ('bb9b76cf-2fdf-4314-8a17-06fb50646a99', 'L/M01/015', 'M01', 'FILLED', '2026-02-09 08:47:18.964', '2026-02-23 04:36:39.43');
INSERT INTO public."Locker" VALUES ('b6be2044-e6bb-48dd-a621-945986739775', 'L/M01/034', 'M01', 'FILLED', '2026-02-09 08:47:18.964', '2026-02-23 04:36:39.503');
INSERT INTO public."Locker" VALUES ('bee6b3e0-9848-4cf6-b0a4-9288540e30ed', 'L/M01/036', 'M01', 'FILLED', '2026-02-09 08:47:18.964', '2026-02-23 04:36:39.51');
INSERT INTO public."Locker" VALUES ('be5e22e0-f152-491b-922f-b8816f33ebcb', 'L/M01/040', 'M01', 'FILLED', '2026-02-09 08:47:18.964', '2026-02-23 04:36:39.529');
INSERT INTO public."Locker" VALUES ('bb4ea09e-f3ec-4f9e-ac10-18b931f1e663', 'L/M01/078', 'M01', 'FILLED', '2026-02-09 08:47:18.964', '2026-02-23 04:36:39.787');
INSERT INTO public."Locker" VALUES ('d59dd706-7b6b-4568-976e-5e879a6f6acc', 'L/M01/103', 'M01', 'FILLED', '2026-02-09 08:47:18.964', '2026-02-23 04:36:39.884');
INSERT INTO public."Locker" VALUES ('b84f0034-6349-45ce-a9c8-6d54916b6a1d', 'L/M01/106', 'M01', 'FILLED', '2026-02-09 08:47:18.964', '2026-02-23 04:36:39.896');
INSERT INTO public."Locker" VALUES ('bf5460a2-4480-4d51-a5e5-f4cc2b5b0c93', 'L/M01/151', 'M01', 'FILLED', '2026-02-09 08:47:18.964', '2026-02-23 04:36:40.071');
INSERT INTO public."Locker" VALUES ('c9eff966-a682-4a58-b782-901ba1306430', 'L/M01/154', 'M01', 'FILLED', '2026-02-09 08:47:18.964', '2026-02-23 04:36:40.082');
INSERT INTO public."Locker" VALUES ('e9419b85-0807-436f-814e-5206b95b1b1b', 'L/M02/013', 'M02', 'FILLED', '2026-02-09 08:47:19.016', '2026-02-23 04:36:40.272');
INSERT INTO public."Locker" VALUES ('b1adb2d5-261d-47d9-8c22-4bd4fcecf36e', 'L/M01/118', 'M01', 'AVAILABLE', '2026-02-09 08:47:18.964', '2026-02-23 06:10:34.12');
INSERT INTO public."Locker" VALUES ('b28cf40f-01b2-4f45-ad2b-59998496c620', 'L/F01/032', 'F01', 'FILLED', '2026-02-09 08:47:19.021', '2026-02-23 04:36:39.203');
INSERT INTO public."Locker" VALUES ('dcfef0c6-060c-4173-b74a-ef14f70a5ac1', 'L/M01/011', 'M01', 'FILLED', '2026-02-09 08:47:18.964', '2026-02-23 04:36:39.418');
INSERT INTO public."Locker" VALUES ('ca1f494a-4bf9-4c26-bde3-d6854ac2ee78', 'L/M01/149', 'M01', 'FILLED', '2026-02-09 08:47:18.964', '2026-02-23 04:36:40.065');
INSERT INTO public."Locker" VALUES ('c0f500e2-71a0-48ec-9776-18d414e6dc64', 'L/F01/003', 'F01', 'FILLED', '2026-02-09 08:47:19.021', '2026-02-23 04:36:38.911');
INSERT INTO public."Locker" VALUES ('bb794e22-935d-421a-88a1-e01da0c1191a', 'L/M02/028', 'M02', 'AVAILABLE', '2026-02-09 08:47:19.016', '2026-02-23 06:13:38.264');
INSERT INTO public."Locker" VALUES ('ebfde65f-6e8d-4838-9ca5-2fd9ec1d9be6', 'L/M01/214', 'M01', 'AVAILABLE', '2026-02-09 08:47:18.964', '2026-02-09 08:47:18.964');
INSERT INTO public."Locker" VALUES ('eebd2129-55ed-4ddb-a3cb-ddfff4b5b3ec', 'L/F01/075', 'F01', 'AVAILABLE', '2026-02-09 08:47:19.021', '2026-02-09 08:47:19.021');
INSERT INTO public."Locker" VALUES ('ef4badf2-eac6-4922-8ae4-05863a97f799', 'L/M01/202', 'M01', 'AVAILABLE', '2026-02-09 08:47:18.964', '2026-02-09 08:47:18.964');
INSERT INTO public."Locker" VALUES ('f122ddba-2480-42f1-bfeb-abe6438b1779', 'L/M02/040', 'M02', 'AVAILABLE', '2026-02-09 08:47:19.016', '2026-02-09 08:47:19.016');
INSERT INTO public."Locker" VALUES ('f1895c25-5a33-46f4-9908-b3d58e7b187c', 'L/M01/160', 'M01', 'MAINTENANCE', '2026-02-09 08:47:18.964', '2026-02-10 07:17:23.243');
INSERT INTO public."Locker" VALUES ('f1fed098-9289-4878-8e55-6056e995226c', 'L/F01/083', 'F01', 'MAINTENANCE', '2026-02-09 08:47:19.021', '2026-02-10 03:48:52.324');
INSERT INTO public."Locker" VALUES ('f35baf0c-f5f8-4e2a-a45b-f2af44f3e0ab', 'L/F01/084', 'F01', 'AVAILABLE', '2026-02-09 08:47:19.021', '2026-02-09 08:47:19.021');
INSERT INTO public."Locker" VALUES ('f3b1bc7e-cd1c-417a-83b6-112da5d3ee8a', 'L/M01/091', 'M01', 'MAINTENANCE', '2026-02-09 08:47:18.964', '2026-02-10 06:47:23.042');
INSERT INTO public."Locker" VALUES ('f418d36b-75b1-49af-bf32-56a94a946333', 'L/M01/023', 'M01', 'AVAILABLE', '2026-02-09 08:47:18.964', '2026-02-10 07:56:40.507');
INSERT INTO public."Locker" VALUES ('f69c98a5-6267-49b3-b32d-dc44ef6e6879', 'L/M01/189', 'M01', 'UNIDENTIFIED', '2026-02-09 08:47:18.964', '2026-02-10 07:40:26.882');
INSERT INTO public."Locker" VALUES ('f85d4953-3a9a-471a-b7e3-228a5d793bef', 'L/M01/178', 'M01', 'UNIDENTIFIED', '2026-02-09 08:47:18.964', '2026-02-10 07:30:58.008');
INSERT INTO public."Locker" VALUES ('fa4acbb0-f134-40d4-bf3d-c5301766ebe3', 'L/M01/124', 'M01', 'UNIDENTIFIED', '2026-02-09 08:47:18.964', '2026-02-10 07:00:04.462');
INSERT INTO public."Locker" VALUES ('fff61b42-8811-4cb4-b579-68ea2f7f3b7f', 'L/F01/081', 'F01', 'AVAILABLE', '2026-02-09 08:47:19.021', '2026-02-09 08:47:19.021');
INSERT INTO public."Locker" VALUES ('ed58dbfc-ffc1-4b5f-9f68-4b22d57141aa', 'L/M01/131', 'M01', 'FILLED', '2026-02-09 08:47:18.964', '2026-02-23 04:36:40.011');
INSERT INTO public."Locker" VALUES ('49311a92-f9b4-4091-bdf9-d9158b9403d0', 'L/M01/141', 'M01', 'FILLED', '2026-02-09 08:47:18.964', '2026-02-23 04:36:40.038');
INSERT INTO public."Locker" VALUES ('eb50eaf9-30b0-4295-9402-422bdaba87f3', 'L/M01/145', 'M01', 'FILLED', '2026-02-09 08:47:18.964', '2026-02-23 04:36:40.053');
INSERT INTO public."Locker" VALUES ('cfd56880-5c38-4530-be67-2f6bb32497f1', 'L/M01/168', 'M01', 'FILLED', '2026-02-09 08:47:18.964', '2026-02-23 04:36:40.142');
INSERT INTO public."Locker" VALUES ('fd8fa296-aa1a-4988-8f1d-fe55d43bd47a', 'L/M01/184', 'M01', 'FILLED', '2026-02-09 08:47:18.964', '2026-02-23 04:36:40.182');
INSERT INTO public."Locker" VALUES ('4220b590-64c2-4286-8885-3f365c1f9eaf', 'L/M01/191', 'M01', 'FILLED', '2026-02-09 08:47:18.964', '2026-02-23 04:36:40.198');
INSERT INTO public."Locker" VALUES ('af05d189-2352-4231-be0b-fd7763d685ea', 'L/M02/019', 'M02', 'FILLED', '2026-02-09 08:47:19.016', '2026-02-23 04:36:40.282');
INSERT INTO public."Locker" VALUES ('318ec758-33fc-490d-b869-b375e05f5c0a', 'L/F01/022', 'F01', 'FILLED', '2026-02-09 08:47:19.021', '2026-02-23 04:39:28.886');
INSERT INTO public."Locker" VALUES ('f5fa5a1a-2a88-410b-80cd-55e19869d46e', 'L/F01/021', 'F01', 'FILLED', '2026-02-09 08:47:19.021', '2026-02-23 06:09:21.093');
INSERT INTO public."Locker" VALUES ('fd4195e7-5a20-46db-8c55-1b5308329211', 'L/F01/004', 'F01', 'FILLED', '2026-02-09 08:47:19.021', '2026-02-23 04:36:38.945');
INSERT INTO public."Locker" VALUES ('a5d00f7d-164e-4522-ac87-9190be49bf0c', 'L/F01/005', 'F01', 'FILLED', '2026-02-09 08:47:19.021', '2026-02-23 04:36:38.96');
INSERT INTO public."Locker" VALUES ('29dedd6b-4c18-46f9-a091-76942a8f3fa3', 'L/F01/012', 'F01', 'FILLED', '2026-02-09 08:47:19.021', '2026-02-23 04:36:39.063');
INSERT INTO public."Locker" VALUES ('1b0a2093-448d-49de-a98a-2f30bab7cdcc', 'L/F01/014', 'F01', 'FILLED', '2026-02-09 08:47:19.021', '2026-02-23 04:36:39.086');
INSERT INTO public."Locker" VALUES ('fbd42614-7ded-4cc7-9380-49c8c29a3600', 'L/F01/023', 'F01', 'FILLED', '2026-02-09 08:47:19.021', '2026-02-23 04:36:39.147');
INSERT INTO public."Locker" VALUES ('f1b54e3f-17cf-48cc-892a-2d06a7208178', 'L/F01/039', 'F01', 'FILLED', '2026-02-09 08:47:19.021', '2026-02-23 04:36:39.256');
INSERT INTO public."Locker" VALUES ('6b1d46b8-b09b-4933-9519-f1a431f8d75a', 'L/F01/074', 'F01', 'FILLED', '2026-02-09 08:47:19.021', '2026-02-23 04:36:39.34');
INSERT INTO public."Locker" VALUES ('c9eb0a35-c1b7-4e7b-84b4-9691d308ed01', 'L/F01/091', 'F01', 'FILLED', '2026-02-09 08:47:19.021', '2026-02-23 04:36:39.349');
INSERT INTO public."Locker" VALUES ('eb298a01-3a23-431a-9a6a-e227d62fd81f', 'L/M01/004', 'M01', 'FILLED', '2026-02-09 08:47:18.964', '2026-02-23 04:36:39.376');
INSERT INTO public."Locker" VALUES ('f574b8f7-fb62-42bd-aa8f-8d92a0f2ea4d', 'L/M01/017', 'M01', 'FILLED', '2026-02-09 08:47:18.964', '2026-02-23 04:36:39.442');
INSERT INTO public."Locker" VALUES ('f8e72196-6079-4bd9-9180-1ad7ea045773', 'L/M01/027', 'M01', 'FILLED', '2026-02-09 08:47:18.964', '2026-02-23 04:36:39.469');
INSERT INTO public."Locker" VALUES ('ee1f700b-b12e-491c-9dee-8fdc924406b6', 'L/M01/037', 'M01', 'FILLED', '2026-02-09 08:47:18.964', '2026-02-23 04:36:39.516');
INSERT INTO public."Locker" VALUES ('f5cbb1d1-9835-470b-ab4c-97003f3928c0', 'L/M01/042', 'M01', 'FILLED', '2026-02-09 08:47:18.964', '2026-02-23 04:36:39.542');
INSERT INTO public."Locker" VALUES ('fcbef3dd-42e9-4958-9017-1237dd6bd479', 'L/M01/047', 'M01', 'FILLED', '2026-02-09 08:47:18.964', '2026-02-23 04:36:39.583');
INSERT INTO public."Locker" VALUES ('fb1600b8-944f-466b-bf49-397d57400add', 'L/M01/058', 'M01', 'FILLED', '2026-02-09 08:47:18.964', '2026-02-23 04:36:39.644');
INSERT INTO public."Locker" VALUES ('fb8708a4-ca7c-44ea-bfe0-d9cef0272c72', 'L/M01/062', 'M01', 'FILLED', '2026-02-09 08:47:18.964', '2026-02-23 04:36:39.676');
INSERT INTO public."Locker" VALUES ('eea4987f-0a16-4a93-ab1c-e402b668508a', 'L/M01/075', 'M01', 'FILLED', '2026-02-09 08:47:18.964', '2026-02-23 04:36:39.765');
INSERT INTO public."Locker" VALUES ('ef2c15c7-91a6-409e-80a6-42b642ae35f0', 'L/M01/122', 'M01', 'FILLED', '2026-02-09 08:47:18.964', '2026-02-23 04:36:39.978');


--
-- Data for Name: Contract; Type: TABLE DATA; Schema: public; Owner: -
--

INSERT INTO public."Contract" VALUES ('3be15c69-5550-47d6-93b4-55d2e1f8e281', '161815dd-28ce-4f4f-b9d8-15f115dd355c', '4e01292e-3fec-4263-b0c8-d4ce8c996aea', 1, '2012-07-01 17:00:00', NULL, true, '2026-02-23 04:36:38.699');
INSERT INTO public."Contract" VALUES ('e73485b1-9b37-486a-878f-42b75f3354b6', 'e609e839-2af6-4fdf-aa9f-3b71ecb9e673', 'a4903758-8647-450b-a2b7-dcdb0b2f2c29', 1, '2024-04-14 17:00:00', NULL, true, '2026-02-23 04:36:38.896');
INSERT INTO public."Contract" VALUES ('279107a5-c256-4a9b-8b61-cc8375560b98', 'c77a486d-74b9-4cb7-bc7b-1e7ea45a8e8a', 'c0f500e2-71a0-48ec-9776-18d414e6dc64', 2, '2013-08-27 17:00:00', NULL, true, '2026-02-23 04:36:38.91');
INSERT INTO public."Contract" VALUES ('877ffca3-ca96-4e3d-85a9-f67a1723da0a', 'c9b3eb30-bc14-41e1-9609-d33d956c5c0d', 'fd4195e7-5a20-46db-8c55-1b5308329211', 1, '2013-08-27 17:00:00', NULL, true, '2026-02-23 04:36:38.934');
INSERT INTO public."Contract" VALUES ('79c9f97c-603c-4049-a36b-105251a15ba3', 'f2636264-8f3a-426a-9c80-e42c3a599fa2', 'a5d00f7d-164e-4522-ac87-9190be49bf0c', 6, '2023-07-02 17:00:00', '2026-07-01 17:00:00', true, '2026-02-23 04:36:38.958');
INSERT INTO public."Contract" VALUES ('9c8984a2-5cd1-4d01-b647-50d67d6e6251', '573428fb-e8c9-4fe4-b767-25bac5d708b8', 'e1a2c95a-3659-4fef-8ebe-a39ed8816535', 2, '2015-09-30 17:00:00', NULL, true, '2026-02-23 04:36:38.973');
INSERT INTO public."Contract" VALUES ('95e7dd6e-0357-4203-890a-e9778553baab', '4a433de2-a807-4e8f-b7a5-c3e9a299e00c', 'cd2a3e25-b8c7-4d85-9aae-767194059049', 2, '2025-06-01 17:00:00', '2026-05-30 17:00:00', true, '2026-02-23 04:36:38.988');
INSERT INTO public."Contract" VALUES ('8a30017d-de9e-4e03-a9c3-1a12603bda50', '2e7ca0ef-8fda-4d85-a8b3-180a4b86c59d', '027c6b8b-b719-4ebd-bf35-c886052f48c6', 2, '2013-11-12 17:00:00', NULL, true, '2026-02-23 04:36:39.005');
INSERT INTO public."Contract" VALUES ('6a425ac5-c0b2-4ad4-a4c7-cd52ad94ebe1', 'fe564ee6-ca98-4c6e-89c6-932f46c12bb1', '8db3a932-f2d5-4533-8896-355c5e50c9cb', 1, '2013-11-12 17:00:00', NULL, true, '2026-02-23 04:36:39.02');
INSERT INTO public."Contract" VALUES ('e92934d5-8b3f-4728-ac0f-67891394e06a', '48a9f4c2-fc9f-47ce-9953-4e2adbcba380', 'c4ac0e5a-4f5f-453d-b286-c1d324440189', 2, '2013-11-25 17:00:00', NULL, true, '2026-02-23 04:36:39.048');
INSERT INTO public."Contract" VALUES ('a1c32bb4-b523-4282-a96b-0fdaa55e2ed6', '3fc191f2-3bb4-4c47-ad4b-46e269413821', '29dedd6b-4c18-46f9-a091-76942a8f3fa3', 2, '2025-07-01 17:00:00', '2026-06-30 17:00:00', true, '2026-02-23 04:36:39.062');
INSERT INTO public."Contract" VALUES ('dbb81b36-f785-4bdc-a6a0-385eaa05fc85', '096c97c1-807f-49c4-bba6-9bf8db3389da', 'd6296e67-8ec8-44ba-a492-751523a488b4', 1, '2013-12-18 17:00:00', NULL, true, '2026-02-23 04:36:39.076');
INSERT INTO public."Contract" VALUES ('b5c6d1d5-a44d-4311-8804-4bc3313a026b', 'aa47439d-25bb-4519-a634-3051f00d358d', '1b0a2093-448d-49de-a98a-2f30bab7cdcc', 1, '2025-11-30 17:00:00', '2026-05-30 17:00:00', true, '2026-02-23 04:36:39.086');
INSERT INTO public."Contract" VALUES ('6ba07a0a-f52b-43ae-acb5-2af037dcab04', 'cff3a04a-3bd5-40a4-ac9d-e2cb2f42329d', 'dd6a513d-ea5b-4a90-968f-af9e78dd03b4', 2, '2014-03-31 17:00:00', NULL, true, '2026-02-23 04:36:39.098');
INSERT INTO public."Contract" VALUES ('9639082a-bcb2-4ca9-8554-0a6f4f66fcbe', '04ee3a4b-fa9b-4b24-835f-1fc2aab7f2a5', 'b773d3d4-8d8a-4a07-a003-b60a3c444714', 5, '2023-10-31 17:00:00', '2026-04-29 17:00:00', true, '2026-02-23 04:36:39.106');
INSERT INTO public."Contract" VALUES ('a1ec88c7-cc4e-4fde-8e60-91065a6414a8', 'cdc7f64e-9eb4-46b7-863d-0d8c687e4b1c', '34db655e-1f57-45db-bc01-5c9946c663e6', 4, '2024-06-02 17:00:00', '2026-06-01 17:00:00', true, '2026-02-23 04:36:39.113');
INSERT INTO public."Contract" VALUES ('db385ced-a2ed-4f6a-af5b-ae31c1e9b570', '322effe6-3e9d-4f85-836f-c0470212030b', '04995400-f0ff-4df7-9a5f-e35dd5455e20', 2, '2020-09-02 17:00:00', NULL, true, '2026-02-23 04:36:39.121');
INSERT INTO public."Contract" VALUES ('f07b0a18-9a63-46cd-977d-be14e3a2fe4b', 'dce63fcd-810e-4f66-9716-cc736be79695', '3101c7c4-f56e-4008-9910-810e90b60e4a', 2, '2014-09-01 17:00:00', NULL, true, '2026-02-23 04:36:39.132');
INSERT INTO public."Contract" VALUES ('40f2e91d-6baa-4b2b-b22b-94b13542eb0a', 'ce103a9b-9f39-4fe5-9f15-7235466abe15', 'fbd42614-7ded-4cc7-9380-49c8c29a3600', 1, '2025-10-26 17:00:00', '2026-04-25 17:00:00', true, '2026-02-23 04:36:39.146');
INSERT INTO public."Contract" VALUES ('2e9e3a62-39cf-40d9-b0af-51021bf1ae96', '25cb2476-d55a-46d0-8b99-809526fb4896', 'e949c666-8f2b-4743-b9b1-6fbbae8fd9c5', 2, '2025-07-13 17:00:00', '2026-07-12 17:00:00', true, '2026-02-23 04:36:39.154');
INSERT INTO public."Contract" VALUES ('64cdd431-6eba-4060-a33b-f7f039932475', 'f909f7c6-7d1f-4044-9066-2f4cc19f622c', '86c8e274-a03b-4a52-ab55-262806c5de22', 2, '2015-03-01 17:00:00', NULL, true, '2026-02-23 04:36:39.16');
INSERT INTO public."Contract" VALUES ('d6ce0dba-8152-4350-a9bf-1525c1be8b7e', '52ac5d18-6fab-4c44-9589-eb081f953733', '38e3e73a-b6c7-45c6-9ac7-05ef5bc588e5', 2, '2014-09-28 17:00:00', NULL, true, '2026-02-23 04:36:39.168');
INSERT INTO public."Contract" VALUES ('d06e821c-b295-48d0-bf0e-9f8e547deecd', 'be8b782f-ad7b-4215-b188-390e6cc2127c', '063a5d4c-e8e5-4d23-93d1-ff543d823342', 1, '2025-11-30 17:00:00', '2026-05-30 17:00:00', true, '2026-02-23 04:36:39.176');
INSERT INTO public."Contract" VALUES ('d591365e-57de-45cf-92c9-c29f133e696e', 'fab296b3-548b-4478-8100-787e572852a6', '3ad8ae46-b821-4b46-ad69-f7f15f0d6aa6', 2, '2025-07-31 17:00:00', '2026-08-30 17:00:00', true, '2026-02-23 04:36:39.185');
INSERT INTO public."Contract" VALUES ('9a2fc15e-7137-4c63-b0ad-b5da7615213a', '9071ecd2-c552-40a6-8e3e-4bc15383b989', 'e7479e98-36e9-47fe-a5c3-f2ea2b2b519c', 1, '2022-09-06 17:00:00', '2026-02-27 17:00:00', true, '2026-02-23 04:36:39.193');
INSERT INTO public."Contract" VALUES ('06b08a23-42f5-4697-8c7e-c65d41cab519', '7146a457-16b8-4f03-afa3-04647d0c9d20', 'b28cf40f-01b2-4f45-ad2b-59998496c620', 1, '2015-08-02 17:00:00', NULL, true, '2026-02-23 04:36:39.201');
INSERT INTO public."Contract" VALUES ('25b35005-f2ea-465b-8f3b-62dce2e5b1b5', '3f72dbac-89e6-45a1-9560-7e9195c70114', '6fc71095-e5c8-41ff-9e45-19a362c9e378', 5, '2022-08-31 17:00:00', '2026-02-27 17:00:00', true, '2026-02-23 04:36:39.209');
INSERT INTO public."Contract" VALUES ('e9813fbe-9504-4d73-bfed-f288aabf4359', 'd43700f4-a9e4-4872-a044-7e1d850d0d6d', '679e4cb4-425b-4d11-9d8c-25d52bdd9af4', 2, '2025-07-27 17:00:00', '2026-07-26 17:00:00', true, '2026-02-23 04:36:39.217');
INSERT INTO public."Contract" VALUES ('f451a07b-6f1d-455a-99e3-9f983071dcb4', '36f8aae1-5686-42d4-a096-33bebe0f7a9e', '5687e4b8-9ff0-445d-a71a-459f2b7e8f1b', 1, '2016-01-03 17:00:00', NULL, true, '2026-02-23 04:36:39.226');
INSERT INTO public."Contract" VALUES ('bedef644-8de2-4041-9aa3-2300987a51cb', '590d04b5-6b97-43d9-8ac6-9d0618293e04', '75b46ca1-e907-4d4d-a228-b78130108a73', 2, '2016-06-20 17:00:00', NULL, true, '2026-02-23 04:36:39.235');
INSERT INTO public."Contract" VALUES ('895a0735-6dac-4dd0-bfd2-dde65b94c345', '7fdf9abc-e29c-4f97-99e3-0dbfd6de31d6', '34a8cbd5-25db-45a4-8a62-043d4e2de3e7', 2, '2016-06-20 17:00:00', NULL, true, '2026-02-23 04:36:39.245');
INSERT INTO public."Contract" VALUES ('7d3308d0-1ed7-48ad-8ab6-9bc1ecb49f06', '903d4e0e-230e-469e-af7a-ac837b1fe554', 'f1b54e3f-17cf-48cc-892a-2d06a7208178', 2, '2025-07-31 17:00:00', '2026-08-30 17:00:00', true, '2026-02-23 04:36:39.255');
INSERT INTO public."Contract" VALUES ('98879420-d804-4c52-a7d5-fea15390d977', '90b175e7-895e-4cd3-a411-6ffd4ed25bae', 'df047c59-1902-4f31-8428-cd6ead9ce536', 5, '2022-08-31 17:00:00', '2026-02-27 17:00:00', true, '2026-02-23 04:36:39.267');
INSERT INTO public."Contract" VALUES ('56440606-8983-4846-a29a-3c7c9d121f55', '15478283-cd8d-4146-9ec4-ebef52294183', '9447c794-597d-48a2-aeed-8d6370bb8d5f', 2, '2017-02-28 17:00:00', NULL, true, '2026-02-23 04:36:39.274');
INSERT INTO public."Contract" VALUES ('22e47506-0ec7-45b2-99e4-46590d979cf2', '00a17f61-9c01-4a99-bf83-56478740c8b4', '4a31b6e3-e3eb-4532-8816-7d3dc25da644', 5, '2023-10-31 17:00:00', '2026-04-29 17:00:00', true, '2026-02-23 04:36:39.28');
INSERT INTO public."Contract" VALUES ('cc1b45e5-1a20-4509-b8b8-346167e74508', 'b7eb3887-adfe-40b6-b320-db0bcca563cb', '9e8e284a-997c-416d-9a74-2590314e017f', 1, '2025-09-28 17:00:00', '2026-03-27 17:00:00', true, '2026-02-23 04:36:39.286');
INSERT INTO public."Contract" VALUES ('4a81b700-8320-4c1c-9dc8-45d40cc28170', '043e8142-5b1a-48fa-9808-089590c87c5b', '10e96f58-a729-4d03-8290-547680354075', 5, '2023-08-31 17:00:00', '2026-02-27 17:00:00', true, '2026-02-23 04:36:39.292');
INSERT INTO public."Contract" VALUES ('59c82041-81a6-42f9-9061-32a5a09936c0', 'd0553aa1-1791-4cc2-9f5c-ee75b3e0a1cd', '94bd8224-6fcd-46ef-8bef-01cee6bf6b09', 3, '2024-09-30 17:00:00', '2026-03-30 17:00:00', true, '2026-02-23 04:36:39.297');
INSERT INTO public."Contract" VALUES ('5a5c490c-88e5-43de-8750-ca622c2b6fc7', '6776e77e-a0a5-4cae-b958-ae8f9e0c8217', '731305a0-a15b-4236-ad1a-00cbbc909737', 2, '2017-06-04 17:00:00', NULL, true, '2026-02-23 04:36:39.305');
INSERT INTO public."Contract" VALUES ('ae1e6f9e-ed93-460a-ae55-b294fcc3e7bb', '7573eb55-4d55-4399-b8df-e05909dd0804', '5ee4e07d-4a77-4635-a674-aa890e406a5c', 1, '2026-02-22 17:00:00', NULL, true, '2026-02-23 04:36:39.311');
INSERT INTO public."Contract" VALUES ('297f402f-8bb3-426c-80e2-a0ef17cf9b5f', 'b80be5ca-0eb8-45a3-a4c0-5992c43492af', '4fcdc6c3-42ac-4ae9-826c-a9b2c0abea3a', 2, '2017-09-18 17:00:00', NULL, true, '2026-02-23 04:36:39.319');
INSERT INTO public."Contract" VALUES ('905b3db7-de1e-4a6d-8482-35a6ff23ce09', '69aac347-5164-49f8-97f1-30560a8142ed', 'b3d6ebe9-9bfa-44ae-93ff-41fad7a60d93', 2, '2022-01-11 17:00:00', NULL, true, '2026-02-23 04:36:39.324');
INSERT INTO public."Contract" VALUES ('bd19283c-e7ba-4d21-9ac2-149d2655b686', '1f4fd52a-8ab3-453b-853f-64643914a814', '8edab21d-1f42-4d2d-865c-aee23ea7a294', 4, '2024-05-09 17:00:00', '2026-05-08 17:00:00', true, '2026-02-23 04:36:39.33');
INSERT INTO public."Contract" VALUES ('4d800a24-29dd-464a-913e-38f0b20a8498', 'd6e447ad-1705-4572-a8c5-119e41b461f5', '6b1d46b8-b09b-4933-9519-f1a431f8d75a', 4, '2024-05-09 17:00:00', '2026-05-08 17:00:00', true, '2026-02-23 04:36:39.338');
INSERT INTO public."Contract" VALUES ('7dcb44b9-c00b-4f2e-88fe-f2a566cd0a01', 'de3ea391-0a7d-4927-a40a-6c8b5a669ed8', '323f3295-d649-4a4e-b2d0-1925a6e27fdd', 3, '2024-06-23 17:00:00', '2025-12-22 17:00:00', false, '2026-02-23 04:36:39.127');
INSERT INTO public."Contract" VALUES ('d787aa5c-a5fd-4087-986c-3e62cad71010', '5034d4b7-101a-4349-a8a2-eac7af7de221', 'c9eb0a35-c1b7-4e7b-84b4-9691d308ed01', 2, '2025-06-08 17:00:00', '2026-06-07 17:00:00', true, '2026-02-23 04:36:39.346');
INSERT INTO public."Contract" VALUES ('a1bc3bde-6349-4de3-b46f-b3fc9c1195ee', '18024ba1-0a23-488d-b982-89acbc66e7fc', 'cf184b89-7ba4-4965-9b12-c25b2d9fb582', 1, '2026-02-08 17:00:00', '2026-08-07 17:00:00', true, '2026-02-23 04:36:39.355');
INSERT INTO public."Contract" VALUES ('7a59d3ce-3b2d-48d0-995a-4043bb66e184', 'e5b19c7e-c12a-49c4-87f6-e6a699fb6249', 'b16b56f6-94d2-43fc-8189-2f4b79f195b3', 4, '2023-06-01 17:00:00', '2026-05-30 17:00:00', true, '2026-02-23 04:36:39.362');
INSERT INTO public."Contract" VALUES ('5233ca82-4c5a-4e04-8e37-b16e56beebcf', '3c344e49-0caf-468e-a346-9367c1849e9e', '5d444c08-c09b-4438-aaff-31520f0c3f42', 2, '2025-05-05 17:00:00', '2026-05-04 17:00:00', true, '2026-02-23 04:36:39.369');
INSERT INTO public."Contract" VALUES ('a3bbbc07-d508-4515-8f32-9dd5a2af1966', '659c596a-395a-4c87-a602-3d5f96e2a8de', 'eb298a01-3a23-431a-9a6a-e227d62fd81f', 2, '2025-05-05 17:00:00', '2026-06-04 17:00:00', true, '2026-02-23 04:36:39.375');
INSERT INTO public."Contract" VALUES ('a61ad71a-8ecb-4f06-bb02-3883b6416ce6', '5dc26c30-084b-4d91-9029-dddb9acd3978', 'a83a2cf9-57f8-4897-88e3-44dac49ea1db', 4, '2024-05-01 17:00:00', '2026-04-29 17:00:00', true, '2026-02-23 04:36:39.383');
INSERT INTO public."Contract" VALUES ('804fce18-1825-48a3-b4fc-4e9dc8011bba', '00afc695-303e-4cea-bea8-a88e528ea8bf', 'c5310039-8ff6-40db-acfe-51ba2f6c1932', 1, '2026-02-22 17:00:00', NULL, true, '2026-02-23 04:36:39.389');
INSERT INTO public."Contract" VALUES ('4e5928a4-7e99-4ffe-89b6-5580869d1501', 'd5c4ac83-9389-419d-9ec7-b033397caac0', '6d335243-2ffb-4a81-bd5e-2614d0025b8b', 2, '2025-07-31 17:00:00', '2026-08-30 17:00:00', true, '2026-02-23 04:36:39.396');
INSERT INTO public."Contract" VALUES ('6a5c7223-4c5c-495f-a9ce-a3b7739b6a29', 'c730e50d-b4f3-4afd-ad45-7f84bd93cabc', 'a6a585e9-0e54-4ce9-93f2-654c45612de6', 1, '2017-09-03 17:00:00', NULL, true, '2026-02-23 04:36:39.402');
INSERT INTO public."Contract" VALUES ('cba94978-d35c-4669-90bf-327e8af7a786', 'c79521d3-deda-4e4f-af66-f79389892638', '94ebe11f-4c0f-41b1-8eea-c671d3daf0cf', 2, '2025-06-01 17:00:00', '2026-05-31 17:00:00', true, '2026-02-23 04:36:39.409');
INSERT INTO public."Contract" VALUES ('f19f81a3-1fb0-4a71-916a-778c63995015', '9ada0390-fa45-4836-aee7-a6a8db29eae7', 'dcfef0c6-060c-4173-b74a-ef14f70a5ac1', 2, '2016-08-14 17:00:00', NULL, true, '2026-02-23 04:36:39.417');
INSERT INTO public."Contract" VALUES ('67e21536-4c55-4460-8659-de7bc1ea6289', 'd13ff72f-4b40-49e9-a539-0801a33f8e3c', '50806e18-a292-45ab-87f8-8bd957f5006a', 2, '2015-03-31 17:00:00', NULL, true, '2026-02-23 04:36:39.422');
INSERT INTO public."Contract" VALUES ('dec3e23b-748e-4ebc-85c3-08b429f28a2d', 'a081d0b1-0011-4eb3-a684-08a0735ac464', 'bb9b76cf-2fdf-4314-8a17-06fb50646a99', 2, '2015-03-31 17:00:00', NULL, true, '2026-02-23 04:36:39.43');
INSERT INTO public."Contract" VALUES ('0dbeedc3-cc7f-4d06-881c-0cd5f8a7a63a', 'c867dd90-adb0-43a9-88db-b9527b1911fa', 'affda534-2c44-403f-85f2-31870ca58b5c', 1, '2015-03-31 17:00:00', NULL, true, '2026-02-23 04:36:39.436');
INSERT INTO public."Contract" VALUES ('30a16839-ba65-49cb-9e7b-8db86bc9282c', '118684e1-05bc-4b13-94fc-ef83aec51fec', 'f574b8f7-fb62-42bd-aa8f-8d92a0f2ea4d', 2, '2017-04-02 17:00:00', NULL, true, '2026-02-23 04:36:39.441');
INSERT INTO public."Contract" VALUES ('eb56d894-ed03-4ff2-ad94-ce6284baa424', '1215a57e-32fe-4754-865a-9cde05453908', '1ef33257-9cf4-413b-a6cc-c9576ad801f8', 4, '2024-06-02 17:00:00', '2026-06-01 17:00:00', true, '2026-02-23 04:36:39.446');
INSERT INTO public."Contract" VALUES ('20fddbd4-b8e2-4e4d-83a4-6205533316ad', '16f7015b-7d04-459b-8af8-ba5516177edc', '3f59d9d0-d83a-4be0-aec8-c5e4f4dce55b', 1, '2014-10-31 17:00:00', NULL, true, '2026-02-23 04:36:39.452');
INSERT INTO public."Contract" VALUES ('15dda0f8-6475-40b6-a8a0-b09329276f12', '8ad332fa-9198-4885-a0c9-f8b40ef880a8', '8d077331-f314-41a7-8638-b23e7887cc8d', 2, '2014-11-17 17:00:00', NULL, true, '2026-02-23 04:36:39.457');
INSERT INTO public."Contract" VALUES ('23651239-6407-4388-ad91-1ee18c7f3f05', 'a0aa5554-37fa-495a-9806-1f7e757fc89d', '568a2720-fc07-417e-8c59-a1d47a49915c', 2, '2016-05-31 17:00:00', NULL, true, '2026-02-23 04:36:39.462');
INSERT INTO public."Contract" VALUES ('3d8228b9-0382-4fe8-b4dd-27f23ff9792e', 'cb8a69c7-6958-4aca-9809-b7025bfd46ee', 'f8e72196-6079-4bd9-9180-1ad7ea045773', 1, '2026-02-22 17:00:00', NULL, true, '2026-02-23 04:36:39.469');
INSERT INTO public."Contract" VALUES ('fd56727f-deb9-4b79-853d-0ee7c12563f9', '0809e633-e4c2-4e1d-8129-42cc8f9c0388', '6f29aed7-3f8b-40f1-8572-07a58f155865', 2, '2014-09-01 17:00:00', NULL, true, '2026-02-23 04:36:39.473');
INSERT INTO public."Contract" VALUES ('bb3dbf1a-9111-461e-a81f-11e469190e6b', '4f8ff107-6d85-43f3-bdc9-9055c1ef8ba1', '89ee5dc1-3213-490b-92fc-92dcab789146', 2, '2016-08-14 17:00:00', NULL, true, '2026-02-23 04:36:39.479');
INSERT INTO public."Contract" VALUES ('2bfb0156-6eff-4d58-aa79-da155e5af010', 'bf85a130-c942-449e-9172-1b7c563f65b5', 'cf29545f-7fb6-44ed-b729-6c8dda1f9988', 4, '2024-07-14 17:00:00', '2026-06-13 17:00:00', true, '2026-02-23 04:36:39.492');
INSERT INTO public."Contract" VALUES ('53cad57e-4ae3-4b82-9f1b-44618efbb20a', 'a6b497db-16d7-42ce-a27a-f82b65aa263f', '2583ddf1-6a51-4a90-a6f1-b75c2811dff6', 1, '2014-11-16 17:00:00', NULL, true, '2026-02-23 04:36:39.497');
INSERT INTO public."Contract" VALUES ('f57f7804-180c-41ca-bbe8-2f85139c4192', 'e48af676-1f15-46fb-bc29-1a637d6d1d1b', 'b6be2044-e6bb-48dd-a621-945986739775', 4, '2024-05-01 17:00:00', '2026-04-29 17:00:00', true, '2026-02-23 04:36:39.502');
INSERT INTO public."Contract" VALUES ('a01abf83-82f4-4f3c-847d-a1ca64b706da', '178d10ba-edeb-4be8-97fe-081131810776', 'bee6b3e0-9848-4cf6-b0a4-9288540e30ed', 1, '2025-11-30 17:00:00', '2026-05-30 17:00:00', true, '2026-02-23 04:36:39.509');
INSERT INTO public."Contract" VALUES ('a87e2d6d-f141-47d4-8a16-c8bc56de7fdc', '5a9fa95e-8f6c-4b3f-be9b-0c3966cdeed6', 'ee1f700b-b12e-491c-9dee-8fdc924406b6', 2, '2014-04-13 17:00:00', NULL, true, '2026-02-23 04:36:39.514');
INSERT INTO public."Contract" VALUES ('fccc0923-d653-4110-977b-878cc4394e71', 'ea2fcab9-543d-48e3-b888-8ccb4a8386eb', '83f5fded-55a1-4a01-8231-206758c66150', 5, '2022-08-31 17:00:00', '2026-02-27 17:00:00', true, '2026-02-23 04:36:39.522');
INSERT INTO public."Contract" VALUES ('4ab3cdaa-d129-4c94-b46b-1ada673cea2a', 'abcb378a-6bcd-4cf0-a27c-fbece39e9e73', 'be5e22e0-f152-491b-922f-b8816f33ebcb', 2, '2014-03-31 17:00:00', NULL, true, '2026-02-23 04:36:39.528');
INSERT INTO public."Contract" VALUES ('d067403f-a84b-4b7c-abf8-b71aef39ab03', '94fe2c6d-7526-411b-969e-61ce44248f6b', '569e1b43-1b9a-48ec-90aa-1efa8c52cef4', 1, '2013-08-27 17:00:00', NULL, true, '2026-02-23 04:36:39.535');
INSERT INTO public."Contract" VALUES ('25ffc001-472e-447a-90e5-6b8b535510ff', '67491fed-0597-425b-a0ee-731f49653eab', 'f5cbb1d1-9835-470b-ab4c-97003f3928c0', 2, '2014-03-31 17:00:00', NULL, true, '2026-02-23 04:36:39.542');
INSERT INTO public."Contract" VALUES ('52e11a60-3693-4278-b52e-c0edc0537801', '404b9c67-5652-40f3-b5a7-bd774ae3c505', '8cee4dc6-7e66-49d1-873c-45c25795981c', 4, '2024-05-01 17:00:00', '2026-04-29 17:00:00', true, '2026-02-23 04:36:39.548');
INSERT INTO public."Contract" VALUES ('89efcfa5-8a81-4032-b93d-e1611e36b996', 'c808eda4-4ab3-408d-8148-fe0e25456d9d', '87766e90-44d9-4eff-aad3-814a8e3b1614', 2, '2014-03-02 17:00:00', NULL, true, '2026-02-23 04:36:39.557');
INSERT INTO public."Contract" VALUES ('1504d2a8-0d12-4173-9cf0-fa9b40fb5f65', '8ae8b58f-519d-4289-a88b-c651bb8260e8', '5b011f95-8807-4176-b033-e8934a671f25', 2, '2014-11-17 17:00:00', NULL, true, '2026-02-23 04:36:39.566');
INSERT INTO public."Contract" VALUES ('700b5b01-bf31-4687-a778-c1de8d06dd1d', 'd5db7daa-f54e-46c2-9dcd-b1b78a2fde71', '105e7bda-270b-4931-b8ba-fe99884deccd', 1, '2013-03-10 17:00:00', NULL, true, '2026-02-23 04:36:39.574');
INSERT INTO public."Contract" VALUES ('da5d05d6-ecf8-4ae8-ae05-c417167ff533', '27d3711b-cbdf-4418-9c7d-b6d27fa236a5', 'fcbef3dd-42e9-4958-9017-1237dd6bd479', 4, '2024-05-12 17:00:00', '2026-05-11 17:00:00', true, '2026-02-23 04:36:39.581');
INSERT INTO public."Contract" VALUES ('e0fab2dc-d19e-412e-a78b-2052b2a95f7f', 'c7137d15-d719-47f5-8438-2fe12be3c1d8', '2cbf8261-62bf-4521-a695-342d41666b14', 2, '2014-03-31 17:00:00', NULL, true, '2026-02-23 04:36:39.593');
INSERT INTO public."Contract" VALUES ('32657c23-ae9b-44f9-8fd1-4796b52b9f89', 'efbadd70-108f-46a8-96be-8cd0058f6d31', '59589dce-4058-4d62-8558-6912f2d011ec', 2, '2014-03-02 17:00:00', NULL, true, '2026-02-23 04:36:39.602');
INSERT INTO public."Contract" VALUES ('658253c9-8873-476e-ab31-afc480f96be2', 'c4ed5be9-a36a-48d3-b2be-69ccc96130eb', '63378363-524a-440d-9ce6-b3fbd2256958', 1, '2014-03-02 17:00:00', NULL, true, '2026-02-23 04:36:39.611');
INSERT INTO public."Contract" VALUES ('8217508a-7bc0-4c46-a1e8-bf658329d4c8', '38b1b2e2-7171-45f5-8d2b-d4a3ca7a8aa1', '1adafc59-f878-4822-b7bd-5e9430a97c22', 2, '2022-01-06 17:00:00', NULL, true, '2026-02-23 04:36:39.62');
INSERT INTO public."Contract" VALUES ('38a8c28f-8f0e-4b6c-9f49-1908f53139f6', '07b9e9be-d337-4f58-9707-2bfdc03a72b3', '41da9196-9af1-4e2c-bc52-42abce613b33', 5, '2023-10-24 17:00:00', '2026-04-23 17:00:00', true, '2026-02-23 04:36:39.629');
INSERT INTO public."Contract" VALUES ('d37de111-7099-4f99-a756-76686ace15ce', '10c09a46-e7fd-4a86-886f-759259d2a34d', 'e00701e6-1d9b-4690-9f3f-f85787cbfb54', 2, '2025-06-01 17:00:00', '2026-05-31 17:00:00', true, '2026-02-23 04:36:39.635');
INSERT INTO public."Contract" VALUES ('89d465e4-af97-4996-a320-4fe21b327b31', 'a5a2183b-c493-42dc-b59f-d845e5a165fa', 'fb1600b8-944f-466b-bf49-397d57400add', 2, '2025-05-22 17:00:00', '2026-05-21 17:00:00', true, '2026-02-23 04:36:39.643');
INSERT INTO public."Contract" VALUES ('b390e87c-7e8d-4448-bbca-ea83705965c4', 'f0c2bda4-a1db-463b-8ca0-17fb739874d0', '07c76885-3beb-4c90-ab94-c2c774702469', 2, '2014-02-03 17:00:00', NULL, true, '2026-02-23 04:36:39.652');
INSERT INTO public."Contract" VALUES ('bffaabc6-f5fa-4d71-9165-322882d179de', '33ac70d9-9931-4f7c-b037-47e3ba9aae78', '07b02801-8409-4661-a551-b6ec7693be3f', 4, '2024-06-02 17:00:00', '2026-06-01 17:00:00', true, '2026-02-23 04:36:39.659');
INSERT INTO public."Contract" VALUES ('407057d8-52df-450c-b98a-28029feffb80', '9b33f2fe-3c06-4029-a721-f1344d05f74d', '95a4b66b-7d6a-4895-bae1-693d22bca3a2', 1, '2013-09-30 17:00:00', NULL, true, '2026-02-23 04:36:39.668');
INSERT INTO public."Contract" VALUES ('89c62809-8401-4e53-b4b4-fcb931182cdd', '6e191b90-8b20-4765-a5c9-0fcfdcbf6b95', 'fb8708a4-ca7c-44ea-bfe0-d9cef0272c72', 2, '2013-08-27 17:00:00', NULL, true, '2026-02-23 04:36:39.675');
INSERT INTO public."Contract" VALUES ('2aee13d7-e6c7-4319-bb6d-22ec81efe848', '3a697b1a-e491-4cfc-a581-c83fd3a2c892', '538da165-01d6-48cb-99eb-5892775ace93', 2, '2016-08-14 17:00:00', NULL, true, '2026-02-23 04:36:39.683');
INSERT INTO public."Contract" VALUES ('cd0674ea-2f44-4b3b-90e6-084780097a3e', 'b492b616-e0d9-4469-b42d-ba630c5f90e5', '30eb71c5-cef2-4105-a4f9-8c0874869067', 1, '2013-08-27 17:00:00', NULL, true, '2026-02-23 04:36:39.69');
INSERT INTO public."Contract" VALUES ('2577c1f5-9e40-461d-a867-e4ed68ef5813', 'ecc5118d-f0ac-4d7e-94f9-d4bcf909aaef', '441855d1-6d76-4ec9-8943-e8c5bab00e44', 1, '2014-09-01 17:00:00', NULL, true, '2026-02-23 04:36:39.697');
INSERT INTO public."Contract" VALUES ('1a45d417-c564-49e3-a993-315c6bc5729e', '07d11478-442a-43c5-a4fa-8b2d6e7eaf8b', '235d4bbf-2dbe-4ce3-8d6d-c132a5ecbc94', 2, '2025-07-31 17:00:00', '2026-08-30 17:00:00', true, '2026-02-23 04:36:39.705');
INSERT INTO public."Contract" VALUES ('29498ba7-5d85-41d1-b440-b51f2410e44d', 'bee92846-4075-437f-92a0-a794ab1c22fd', 'e18b0b15-7a98-4449-854a-b76718853e66', 2, '2015-03-01 17:00:00', NULL, true, '2026-02-23 04:36:39.711');
INSERT INTO public."Contract" VALUES ('fe2a6793-372a-475f-ae75-9cbfc9a4d92c', '8247ebec-4fc7-4f47-a528-112fb6ec5ca2', 'abbaf995-7dd8-4cdb-958b-45d1e3e12998', 2, '2025-07-31 17:00:00', '2026-08-30 17:00:00', true, '2026-02-23 04:36:39.718');
INSERT INTO public."Contract" VALUES ('be26e50e-4cb5-4d4a-9e44-7dddb8682d67', '570c8291-6e48-4cfd-b2ca-d8e5ae97a526', '6f2ae0c6-3ce1-4d08-bb62-5b959e01036a', 5, '2023-11-06 17:00:00', '2026-05-05 17:00:00', true, '2026-02-23 04:36:39.734');
INSERT INTO public."Contract" VALUES ('1fae118d-446d-4148-9740-3cfa6affd00f', 'd5bce4ce-f1f3-40fa-81b9-fcec0860b2ff', '7d1ccca3-6b8a-4b0b-8f26-76d5fc846e45', 1, '2013-05-19 17:00:00', NULL, true, '2026-02-23 04:36:39.745');
INSERT INTO public."Contract" VALUES ('94eccbce-0676-4578-8b89-bf917682681a', '338c4f3b-5f8e-4727-a329-8576c3bc89d6', '3124f825-ac83-4c33-acc3-9a32025fd996', 1, '2025-09-28 17:00:00', '2026-03-27 17:00:00', true, '2026-02-23 04:36:39.755');
INSERT INTO public."Contract" VALUES ('1ada6227-a4dd-4307-82b2-da0ba52a7974', '92cd2e01-969a-405e-97db-c49d6ce4c1c1', 'eea4987f-0a16-4a93-ab1c-e402b668508a', 3, '2023-05-01 17:00:00', NULL, true, '2026-02-23 04:36:39.764');
INSERT INTO public."Contract" VALUES ('9d081c97-777b-4722-816e-f2469f9c889a', 'cd4377c6-e036-4ff2-b9c3-9a26fa4a8522', 'cf5c5100-3179-4254-9d9f-dcd43d045a40', 2, '2016-08-14 17:00:00', NULL, true, '2026-02-23 04:36:39.772');
INSERT INTO public."Contract" VALUES ('8b79772d-f1b2-416d-9fb1-fdee877c7fc9', '85593ecd-e84e-4e1a-94f7-dde872d65a79', '27d1f380-d2e2-4f51-b0da-e16f5045c194', 2, '2015-06-14 17:00:00', NULL, true, '2026-02-23 04:36:39.778');
INSERT INTO public."Contract" VALUES ('2a1c5c33-e09e-4e6c-9e0b-9ec33c029f9e', 'e6dd05af-9831-468c-864c-9f5e0c76820b', 'bb4ea09e-f3ec-4f9e-ac10-18b931f1e663', 5, '2023-11-06 17:00:00', '2026-05-05 17:00:00', true, '2026-02-23 04:36:39.786');
INSERT INTO public."Contract" VALUES ('a98799ab-fe11-41ed-8fda-95625b261086', '973874c7-31d6-4a9a-adbc-7c9d301f4bf5', 'e48c1820-d86a-4885-86c6-27b93dae4ed0', 2, '2016-01-10 17:00:00', NULL, true, '2026-02-23 04:36:39.794');
INSERT INTO public."Contract" VALUES ('e1a2fb9f-832e-4603-a9a5-6feeb13ca25b', '7c13413b-cb84-460c-a89b-37ad27861161', '008f42be-e57e-4b71-9257-6e289af13bf3', 2, '2025-06-01 17:00:00', '2026-05-30 17:00:00', true, '2026-02-23 04:36:39.801');
INSERT INTO public."Contract" VALUES ('1f5a65d6-ec20-42df-bd2a-cbf236a79d91', 'c33dcd17-2ebe-46de-a075-2b9c135b22a9', '99a8999c-884b-4eff-8177-0ea721af2856', 2, '2015-06-30 17:00:00', NULL, true, '2026-02-23 04:36:39.813');
INSERT INTO public."Contract" VALUES ('a66aaf79-155f-45a1-a562-e3e3203feb5f', 'c93aea52-48d4-440f-a190-101440765535', '29a90341-fc38-47dd-8ccd-c4a6f014636e', 2, '2015-07-22 17:00:00', NULL, true, '2026-02-23 04:36:39.82');
INSERT INTO public."Contract" VALUES ('1e6f2c87-b0c8-4ace-ba43-99f4f0fa3b2e', 'd25d9ed5-c493-4ff0-842d-f5df139cb67c', '59ba687a-eb0b-4f74-97f5-05d394b3dde7', 2, '2025-08-04 17:00:00', '2026-08-03 17:00:00', true, '2026-02-23 04:36:39.825');
INSERT INTO public."Contract" VALUES ('8386f24d-52ce-48f7-a71c-0ed6dcc99306', '4ba8701f-4f4a-4fdf-946f-5a7008018af1', '05281800-28ab-4cfe-9cb1-51ef7be46d7d', 1, '2014-07-09 17:00:00', NULL, true, '2026-02-23 04:36:39.831');
INSERT INTO public."Contract" VALUES ('069f79d3-9a73-4291-99df-c85fe8460964', '25317752-5da5-49e0-87b3-3b1527b38d85', '0e278c40-917c-4bfb-af22-7d2bdf9be316', 1, '2015-10-11 17:00:00', NULL, true, '2026-02-23 04:36:39.841');
INSERT INTO public."Contract" VALUES ('eb688d7a-e1f1-4f48-96c6-968d69ee9d23', '2e88bd82-7144-4057-bf72-d30c26078808', '6d161199-89e3-448a-9a9f-a6fecb67ff95', 2, '2025-07-01 17:00:00', '2026-06-30 17:00:00', true, '2026-02-23 04:36:39.848');
INSERT INTO public."Contract" VALUES ('e957b4de-d1f0-4c56-8d93-d5f7a00bf649', '0d6a2602-42f2-4db3-8580-92471030c45c', 'd8bdcadd-c4a4-4a20-8b58-9f8b6c7ffef1', 1, '2025-08-25 17:00:00', '2026-02-24 17:00:00', true, '2026-02-23 04:36:39.856');
INSERT INTO public."Contract" VALUES ('50e396cd-c041-47c7-ac4e-f76c859027ff', '8d220f20-48af-45c7-94d9-372f01168af6', '29ab15ce-88c3-4401-b538-d4b67f6524ab', 4, '2024-05-01 17:00:00', '2026-04-29 17:00:00', true, '2026-02-23 04:36:39.862');
INSERT INTO public."Contract" VALUES ('f8f72a01-c6df-4f9f-9ce0-2c87e4bf60cb', '2f333e59-7e0b-4cd2-b984-6d2849e17be1', '6cf47fef-a8c8-4332-b6d5-f5e01f2a9a3f', 2, '2021-09-12 17:00:00', NULL, true, '2026-02-23 04:36:39.869');
INSERT INTO public."Contract" VALUES ('d6d4e2e3-bd06-4d6e-9d2a-56c22b9563f7', '106127d0-6995-4c9e-9927-98f9e79b4ebb', '585b839d-3dcd-46d0-b8a3-a4503f44a2c4', 5, '2022-10-17 17:00:00', '2026-04-16 17:00:00', true, '2026-02-23 04:36:39.876');
INSERT INTO public."Contract" VALUES ('9bef240d-9e9f-4549-a3c3-1f5e25688496', '3584751b-5462-4b77-8fcb-c0d330003da3', 'd59dd706-7b6b-4568-976e-5e879a6f6acc', 2, '2017-06-04 17:00:00', NULL, true, '2026-02-23 04:36:39.883');
INSERT INTO public."Contract" VALUES ('8ca42f17-5db2-4089-b45f-c59351817d77', '8cc0fb52-cbd0-4b27-bb36-fb466730e68a', 'e57d409f-b1e7-4c0d-94fa-f3f147c98384', 1, '2025-08-25 17:00:00', '2026-02-24 17:00:00', true, '2026-02-23 04:36:39.889');
INSERT INTO public."Contract" VALUES ('6037dc04-0758-44da-8572-8a310380f36e', '16a51f2b-ae77-40e2-b78f-fa3714abf11f', 'b84f0034-6349-45ce-a9c8-6d54916b6a1d', 2, '2017-06-04 17:00:00', NULL, true, '2026-02-23 04:36:39.895');
INSERT INTO public."Contract" VALUES ('4526a799-b90c-47ca-bc0d-e888dcf87ef9', 'db3acecb-abc0-4786-ab60-96707ad2358c', '5462afa6-1be3-4149-a263-8505267fe64d', 3, '2024-09-30 17:00:00', '2026-03-30 17:00:00', true, '2026-02-23 04:36:39.9');
INSERT INTO public."Contract" VALUES ('9ab5c4f9-8330-4ea4-a763-d3aef52816b9', 'def69358-b22a-4230-870b-77e92d0bb0cd', '1ed904e9-42b3-452d-9869-3d0ca9405723', 2, '2025-06-01 17:00:00', '2026-05-30 17:00:00', true, '2026-02-23 04:36:39.905');
INSERT INTO public."Contract" VALUES ('aa79b6f2-0285-4985-9519-aa578a152c42', 'd6041f86-fa31-4896-bd2e-7d7c3f8b802a', '51536721-d0fd-4c4e-8961-7929f547b399', 1, '2022-02-21 17:00:00', NULL, true, '2026-02-23 04:36:39.913');
INSERT INTO public."Contract" VALUES ('ff0d2d8c-8c71-4993-91da-14c01788a41c', '526c7e53-cefa-49b1-82d9-997088eaf3c9', '6eced8bb-5e98-44a7-b029-ca55bbf3f816', 4, '2024-05-01 17:00:00', '2026-04-29 17:00:00', true, '2026-02-23 04:36:39.924');
INSERT INTO public."Contract" VALUES ('4258d182-decc-460c-a726-1c4b95a32053', '505ffe34-0009-429e-8c51-a7d14ab44d1e', '05a7f063-c949-4fc8-8a7f-3d19365bcd43', 2, '2017-05-07 17:00:00', NULL, true, '2026-02-23 04:36:39.933');
INSERT INTO public."Contract" VALUES ('f2253436-da51-4451-b651-54be2ce0e250', '80edf6a9-e996-40b2-bad1-2f583c6a5594', '920424be-aaf3-451b-89c1-008b2bc8dfdc', 2, '2017-05-07 17:00:00', NULL, true, '2026-02-23 04:36:39.942');
INSERT INTO public."Contract" VALUES ('6fc8f737-bca2-4cd4-9c40-dbe1a5ee230f', 'b3318994-c5f5-4ba6-9472-7af25663ba1f', '2eb24399-a760-4e6d-9e32-ada03ffb3655', 2, '2017-05-07 17:00:00', NULL, true, '2026-02-23 04:36:39.951');
INSERT INTO public."Contract" VALUES ('8ce7af89-fc99-4009-99c1-5f143b1e3b4d', '6c144392-c4c3-41b5-9d3d-7840b5b5d97b', '7f830515-f5d4-4255-9e5b-66420f5ba5e7', 4, '2024-06-02 17:00:00', '2026-06-01 17:00:00', true, '2026-02-23 04:36:39.961');
INSERT INTO public."Contract" VALUES ('7144c438-9e9b-4c9a-b303-d729a6a9985b', 'c5921654-e795-4ef8-a9c1-f832de7d65cd', '6a15f6be-7766-4377-854c-a36ca1354441', 1, '2018-09-19 17:00:00', NULL, true, '2026-02-23 04:36:39.97');
INSERT INTO public."Contract" VALUES ('a9b11299-87c0-495b-a142-c3c171137a9e', 'd814fe23-82b1-4340-bea8-3bb8c9949d40', 'ef2c15c7-91a6-409e-80a6-42b642ae35f0', 3, '2024-10-20 17:00:00', '2026-04-19 17:00:00', true, '2026-02-23 04:36:39.977');
INSERT INTO public."Contract" VALUES ('d0888702-59d3-4e55-8d19-3709f7cd31b6', 'e4d483be-a074-4d9a-bd47-bad0fdb7fefb', '00dc358f-b6fb-42da-bc79-2fe0bbddd5a0', 1, '2025-08-31 17:00:00', '2026-02-27 17:00:00', true, '2026-02-23 04:36:39.985');
INSERT INTO public."Contract" VALUES ('e1f6c5be-b43e-4e5e-9662-2a846e4ca663', '70e9733a-df87-4ea3-aa73-1cc6a5efe0d9', 'a17bb6e3-e488-4562-a913-990e64e1974d', 1, '2015-11-01 17:00:00', NULL, true, '2026-02-23 04:36:39.993');
INSERT INTO public."Contract" VALUES ('e56b6e82-ea1f-43bb-b47a-d1f085b443da', '4af36a12-b935-4c10-9366-ef08aee0ee20', '5b7c7fbc-615c-4dd0-9408-5d122850173d', 1, '2015-11-01 17:00:00', NULL, true, '2026-02-23 04:36:40.003');
INSERT INTO public."Contract" VALUES ('3d1e2d49-b82d-44f3-b762-185e061ebaa0', '02b946a1-bb50-4f6f-8319-5958f70deeb9', 'ed58dbfc-ffc1-4b5f-9f68-4b22d57141aa', 2, '2016-02-14 17:00:00', NULL, true, '2026-02-23 04:36:40.01');
INSERT INTO public."Contract" VALUES ('e4474987-6f27-45f7-8f17-df1abea4f263', '07b36869-1a25-4f4e-9ad4-5bcc981ddeb0', '3d8cd8ec-96fd-41ba-82b4-58c051493eb6', 2, '2014-07-10 17:00:00', NULL, false, '2026-02-23 04:36:39.806');
INSERT INTO public."Contract" VALUES ('d44e0ce5-c282-44fa-95e4-0d0a1383df79', '2773882a-55c9-40bb-bf2c-4ce18f0f9003', '3658e2f0-c0bd-47de-a9c0-16df1cc4fcc2', 4, '2023-06-01 17:00:00', '2026-05-30 17:00:00', true, '2026-02-23 04:36:40.016');
INSERT INTO public."Contract" VALUES ('8343bf58-92bb-4aa9-b0a9-97f3a109bd17', '8a552e08-53da-4da3-ae8d-65a7a7e7b929', '87f2738c-b43b-47f9-ba4f-ef558b556558', 2, '2025-05-22 17:00:00', '2026-05-21 17:00:00', true, '2026-02-23 04:36:40.027');
INSERT INTO public."Contract" VALUES ('a3dcce69-5389-4405-a38b-919533ec0d8f', 'f27a3560-350a-4e26-bbdd-a473c410569e', '2ae8adb6-8cdf-422f-a454-e505459e88ef', 2, '2022-03-27 17:00:00', NULL, true, '2026-02-23 04:36:40.031');
INSERT INTO public."Contract" VALUES ('e44766ee-4fa7-4562-b08c-635acb34103a', '1489c565-ac11-4747-a6e8-51156fcd6fc5', '49311a92-f9b4-4091-bdf9-d9158b9403d0', 1, '2019-03-31 17:00:00', NULL, true, '2026-02-23 04:36:40.037');
INSERT INTO public."Contract" VALUES ('f95073f2-090e-4f00-8685-c67e478d5251', '5fe143c7-8104-474e-81a1-a5807c2ee2d1', 'd4565b38-6d94-49a7-9089-8c66e9d642cd', 1, '2026-02-22 17:00:00', NULL, true, '2026-02-23 04:36:40.044');
INSERT INTO public."Contract" VALUES ('f24ce169-b850-4014-8efb-9c57c2bd8d64', 'bf9d9dfe-db51-4a88-a77c-de0856d02b87', 'eb50eaf9-30b0-4295-9402-422bdaba87f3', 4, '2024-06-02 17:00:00', '2026-06-01 17:00:00', true, '2026-02-23 04:36:40.052');
INSERT INTO public."Contract" VALUES ('53dfcdb1-a663-48b2-b640-01a64fa0b1bc', 'c3309c91-4197-4556-917f-f0f4c7c900b8', '6f435bad-5c02-455b-91f9-8d3255127b19', 5, '2023-10-24 17:00:00', '2026-04-23 17:00:00', true, '2026-02-23 04:36:40.058');
INSERT INTO public."Contract" VALUES ('e945a9c1-8e99-4fb8-881c-2f4e6c6dc7f5', '02b2e35f-6692-4938-9da6-b53ac2be894c', 'ca1f494a-4bf9-4c26-bde3-d6854ac2ee78', 2, '2018-01-29 17:00:00', NULL, true, '2026-02-23 04:36:40.064');
INSERT INTO public."Contract" VALUES ('f54f0e52-1bea-4508-a067-764e0911e8dc', '64442ae7-b402-49a7-8e6e-b129c899b6e4', 'bf5460a2-4480-4d51-a5e5-f4cc2b5b0c93', 5, '2023-09-24 17:00:00', '2026-03-23 17:00:00', true, '2026-02-23 04:36:40.07');
INSERT INTO public."Contract" VALUES ('bee00b9f-1918-4d1f-9587-0cd9a732206a', '9cd35725-9545-4c55-9261-a0e5947ce612', '37d8d725-9c7c-41a8-997e-3a01f7f8239d', 2, '2017-11-19 17:00:00', NULL, true, '2026-02-23 04:36:40.075');
INSERT INTO public."Contract" VALUES ('3a193e5f-a992-4467-a3dd-44eb64c36237', '879d82f6-387b-4f06-84a2-b62975694e63', 'c9eff966-a682-4a58-b782-901ba1306430', 2, '2022-01-06 17:00:00', NULL, true, '2026-02-23 04:36:40.081');
INSERT INTO public."Contract" VALUES ('4ce3e0bd-e36c-4d00-b7d2-4111ef75555d', 'e9dcc08a-dab5-4855-9a68-2b72ef5d01cd', '275d2c08-d0da-4c4e-8d17-4879ac350d41', 1, '2018-07-15 17:00:00', NULL, true, '2026-02-23 04:36:40.086');
INSERT INTO public."Contract" VALUES ('a3663d20-3314-45ee-9696-eadfc8d79303', '774c7344-6d50-4fab-9c0c-fa1ad0e6879c', '45c0f9c8-2a39-43e2-a5c1-54cf173b5398', 1, '2025-08-31 17:00:00', '2026-02-27 17:00:00', true, '2026-02-23 04:36:40.094');
INSERT INTO public."Contract" VALUES ('284fa029-eb52-4ce7-ba84-5f3a01ee0813', '52f50edc-02de-4f8a-b013-a2076e8c2502', '5c61f7ce-9be6-4d06-9825-e6adc8ad5ba4', 5, '2023-10-24 17:00:00', '2026-04-23 17:00:00', true, '2026-02-23 04:36:40.101');
INSERT INTO public."Contract" VALUES ('6d4affb9-10be-4720-868e-d4374b034459', '113f65f6-d9cf-441d-8762-86c329dbb428', '1a0791e3-3bc2-4095-ac8b-4fe95be32448', 2, '2017-09-18 17:00:00', NULL, true, '2026-02-23 04:36:40.11');
INSERT INTO public."Contract" VALUES ('67e003f8-23ec-4e31-8b7c-d35529cc82ea', '6dbef150-303a-46ba-bbda-d15f7f2799a4', '89c703fd-242a-4cda-8c36-e0e3688a9131', 2, '2017-07-31 17:00:00', NULL, true, '2026-02-23 04:36:40.119');
INSERT INTO public."Contract" VALUES ('3b0cdb5f-7bd0-4e8b-8b05-e81e04c8364b', '7e0ceea4-f3dc-42c2-896e-b9c1d67535e5', 'cf3987fa-3c4e-4170-82c8-86d6059e9ef4', 2, '2017-06-04 17:00:00', NULL, true, '2026-02-23 04:36:40.129');
INSERT INTO public."Contract" VALUES ('ea407fec-9e51-41ce-9c2a-b3a1f3f6a8e4', 'da30651f-8db6-4c29-96a4-05db99632593', 'cfd56880-5c38-4530-be67-2f6bb32497f1', 2, '2017-06-04 17:00:00', NULL, true, '2026-02-23 04:36:40.14');
INSERT INTO public."Contract" VALUES ('976f76d1-0f4e-4dab-8b6e-9ed883fbc535', 'af709ed4-294b-4cb4-a6e7-728fc1977373', '71226ffb-8080-4c65-92f2-59cf3a18c5e1', 5, '2023-01-31 17:00:00', '2026-07-30 17:00:00', true, '2026-02-23 04:36:40.15');
INSERT INTO public."Contract" VALUES ('7ca3f652-5805-4d0f-b24b-ad3563902f79', 'c0511796-38e7-4cb1-8630-9845c96943ff', '7ed81d08-b52a-453e-aabc-ead50bc7dd90', 1, '2018-07-04 17:00:00', NULL, true, '2026-02-23 04:36:40.157');
INSERT INTO public."Contract" VALUES ('2fa78f7f-e308-432c-8fb6-f79a0f1c6100', '02d4e60d-d81f-472d-bb29-46aaee541837', '3375a184-79b0-4923-8d02-731d2f880cc0', 2, '2025-08-14 17:00:00', '2026-08-13 17:00:00', true, '2026-02-23 04:36:40.163');
INSERT INTO public."Contract" VALUES ('a223fcdb-558e-4923-bf07-c3b15a297aa3', 'e95d5774-95a7-47bc-aef9-4e433994052e', 'fd8fa296-aa1a-4988-8f1d-fe55d43bd47a', 1, '2017-11-19 17:00:00', NULL, true, '2026-02-23 04:36:40.181');
INSERT INTO public."Contract" VALUES ('8e75c5b1-b8fd-40ac-b42f-069e93eeb90d', '40cb2423-3112-40ad-ab98-33d80bf5ce26', '8cdb9bef-dfe0-428f-9d13-f2c95020551d', 5, '2023-10-11 17:00:00', '2026-04-10 17:00:00', true, '2026-02-23 04:36:40.187');
INSERT INTO public."Contract" VALUES ('a3b8a996-08b7-4b42-8892-99f16c284117', '1baadb0b-9b2b-4622-9efe-d70a7702ca4b', '4220b590-64c2-4286-8885-3f365c1f9eaf', 5, '2022-10-17 17:00:00', '2026-04-16 17:00:00', true, '2026-02-23 04:36:40.196');
INSERT INTO public."Contract" VALUES ('c12490ca-d9aa-4d42-908c-2fdfa7e4cd11', '68d5053e-1d8e-4f6c-a161-8c1f334cde2b', '37af5c4c-baee-4e00-9d3e-f7aba36ca181', 1, '2026-02-22 17:00:00', NULL, true, '2026-02-23 04:36:40.203');
INSERT INTO public."Contract" VALUES ('32f7d03c-530f-4457-9262-2de794714583', 'ca0f6ef3-803c-4765-9b17-df9c261ee89f', '99beb380-e186-4356-b266-f437a1ab934c', 5, '2023-10-11 17:00:00', '2026-04-10 17:00:00', true, '2026-02-23 04:36:40.21');
INSERT INTO public."Contract" VALUES ('6d75bed0-7011-4418-9ef0-fab3997ee39d', '4e447e46-33b1-4547-bc11-30461d1c7492', 'c48e1e79-7ba6-47cb-8e77-cd2e66e885bc', 2, '2022-09-13 17:00:00', NULL, true, '2026-02-23 04:36:40.219');
INSERT INTO public."Contract" VALUES ('4a059f2d-44c0-4e0d-afd6-31779f63b266', 'd243da73-a33b-4e67-932e-350948add61a', '0cca10b1-a837-4e68-b932-f91296054d76', 1, '2025-08-25 17:00:00', '2026-02-24 17:00:00', true, '2026-02-23 04:36:40.228');
INSERT INTO public."Contract" VALUES ('08c78b6a-84e2-4574-9e0b-b657b246bccb', 'c5bc06f0-7503-4502-90b5-b4fdf2fc0109', '4b21efc8-6ace-44a3-b6cf-5c439707a6fd', 2, '2025-08-04 17:00:00', '2026-08-03 17:00:00', true, '2026-02-23 04:36:40.239');
INSERT INTO public."Contract" VALUES ('589208e4-9e52-41bf-a006-d09e14b0bd2b', '48ed83d7-aeff-4ef4-8001-458bf2ecd12f', '353781fa-0c72-49af-823a-10a379383ef3', 5, '2022-08-31 17:00:00', '2026-02-27 17:00:00', true, '2026-02-23 04:36:40.25');
INSERT INTO public."Contract" VALUES ('ae09c048-e705-408c-b719-c4ebe03655fb', 'fbb4ca8e-ff3f-46c6-9424-1e842fd080dc', 'aaa8572f-87fc-4a84-acf2-e496c775a21b', 2, '2022-06-19 17:00:00', NULL, true, '2026-02-23 04:36:40.264');
INSERT INTO public."Contract" VALUES ('1c21c2a6-f304-41a8-bfdf-1f0d63463f0e', 'f14d9e54-0dc7-4b61-bb75-37fa662651c7', 'e9419b85-0807-436f-814e-5206b95b1b1b', 5, '2023-10-02 17:00:00', '2026-04-01 17:00:00', true, '2026-02-23 04:36:40.271');
INSERT INTO public."Contract" VALUES ('ac446e1c-2635-4c8d-9f02-6b3eefbe42c7', '1fbc5eb6-0d65-4b1b-af7e-e1623b1f4379', '49d2bcc3-3776-4769-a5a0-5c18664341ef', 5, '2022-10-17 17:00:00', '2026-04-16 17:00:00', true, '2026-02-23 04:36:40.276');
INSERT INTO public."Contract" VALUES ('0f99fcfd-bd8c-40c9-9023-ff267b9be6cb', '2671382c-993c-4ec7-8aaa-f0224cd58da2', 'af05d189-2352-4231-be0b-fd7763d685ea', 1, '2019-03-31 17:00:00', NULL, true, '2026-02-23 04:36:40.281');
INSERT INTO public."Contract" VALUES ('1157dc79-5d01-4a64-96c6-3c605aac27ee', 'c421dc22-4e71-483a-b10a-edf2cfa0b640', 'c6874171-1e61-41f4-8f44-c290d968596d', 4, '2023-06-08 17:00:00', '2026-06-07 17:00:00', true, '2026-02-23 04:36:40.288');
INSERT INTO public."Contract" VALUES ('812f8eb4-2c53-4a7a-b7d6-2d959f0da9ca', '9f2f74c2-8a7c-430a-856a-2771e3e78abf', '60c5d86f-0c1a-4883-a8e2-da623a1290a1', 2, '2022-03-06 17:00:00', NULL, true, '2026-02-23 04:36:40.294');
INSERT INTO public."Contract" VALUES ('c6bbb02f-53e4-4a1b-b112-424d40059c7d', '8f5ac017-bc49-4e79-8e53-c0f0b537c639', '9225cc6f-0586-4cce-a461-85a28610fb13', 1, '2021-01-20 17:00:00', NULL, true, '2026-02-23 04:36:40.299');
INSERT INTO public."Contract" VALUES ('236650dc-9d17-4368-9e2a-96e5827e0b0c', 'b2a85dde-6f7e-4635-b5fb-f52a275a5df3', '4b9ade03-a932-4354-9f57-82d04dd9a626', 2, '2017-09-18 17:00:00', NULL, true, '2026-02-23 04:36:40.303');
INSERT INTO public."Contract" VALUES ('21bbd77d-9af1-41dc-b6c9-9b70db301d9c', 'd38a74a6-27b8-4aff-9d40-8e01fa6d287b', 'c5dd43d4-1f3d-4e23-b77e-9d203d07b3cf', 4, '2023-06-01 17:00:00', '2026-05-30 17:00:00', true, '2026-02-23 04:36:40.308');
INSERT INTO public."Contract" VALUES ('be473b86-ae8d-476d-b0db-cd6f60df497b', 'ab555f6a-234d-4447-98b1-cf3e556f3496', '0fd5a5b4-745d-44cf-b753-0838aa58ed42', 4, '2024-08-04 17:00:00', '2026-08-03 17:00:00', true, '2026-02-23 04:36:40.312');
INSERT INTO public."Contract" VALUES ('22df6973-4c0b-476a-906e-4131e5dbe41d', '6677f7d6-def3-496a-843a-f67b7985ce51', 'aee19230-0ee7-41cf-b525-e997d7c7cb6b', 1, '2020-01-12 17:00:00', NULL, true, '2026-02-23 04:36:40.317');
INSERT INTO public."Contract" VALUES ('5ee7c2c8-72db-474b-94b6-e59cba031fa1', '11371950-851d-4acb-9adf-ce2cc71b0981', '318ec758-33fc-490d-b869-b375e05f5c0a', 3, '2024-06-25 17:00:00', '2025-12-22 17:00:00', false, '2026-02-23 04:36:39.138');
INSERT INTO public."Contract" VALUES ('45941c1b-fa0d-4e18-8e38-6492f243ac5c', '11371950-851d-4acb-9adf-ce2cc71b0981', '318ec758-33fc-490d-b869-b375e05f5c0a', 2, '2025-12-23 00:00:00', '2026-12-23 00:00:00', true, '2026-02-23 04:39:28.872');
INSERT INTO public."Contract" VALUES ('d30e5fc4-ae40-4fbb-895c-5511d789ef6d', '955c9de6-9dc6-4e36-9041-36efab629d26', '755948d4-cbfb-47aa-90e5-2d384e98b81a', 1, '2025-08-14 17:00:00', '2026-02-13 17:00:00', false, '2026-02-23 04:36:40.17');
INSERT INTO public."Contract" VALUES ('ae24df4d-2a05-4fe8-9519-08e771ea1f89', '12de3abf-1bf9-4384-a87b-b6ce980ecd99', '65d02540-1b7b-4695-97ed-d9cf7647d3ac', 1, '2025-08-14 17:00:00', '2026-02-13 17:00:00', false, '2026-02-23 04:36:40.176');
INSERT INTO public."Contract" VALUES ('ae97e294-7b49-48e4-9e5a-ce0eadec258c', 'c2e5a4ba-d71d-4bf9-a99c-bfc1e8f631a2', '691b9eeb-4396-471b-b68e-cd2a5519cdb9', 1, '2024-09-23 17:00:00', '2025-09-22 17:00:00', false, '2026-02-23 04:36:40.022');
INSERT INTO public."Contract" VALUES ('bf1c4507-0599-47e2-baed-a094c7970927', 'c2e5a4ba-d71d-4bf9-a99c-bfc1e8f631a2', '691b9eeb-4396-471b-b68e-cd2a5519cdb9', 2, '2026-02-23 00:00:00', NULL, true, '2026-02-23 04:41:21.849');
INSERT INTO public."Contract" VALUES ('5fa96718-68a9-494b-9d9b-bef571c5e8c2', '232dd7e9-6fa3-4542-8870-01e22ac65c69', '4cf26822-f70b-4c62-bb0e-50ee10401d34', 1, '2025-07-31 17:00:00', '2026-01-30 17:00:00', false, '2026-02-23 04:36:39.725');
INSERT INTO public."Contract" VALUES ('535faaf3-20e9-4afe-aa35-f96ca4743195', '232dd7e9-6fa3-4542-8870-01e22ac65c69', '4cf26822-f70b-4c62-bb0e-50ee10401d34', 2, '2026-02-01 00:00:00', '2026-06-30 00:00:00', false, '2026-02-23 04:41:57.263');
INSERT INTO public."Contract" VALUES ('5b68f2ba-0372-4dbd-b625-2a763c05e734', '232dd7e9-6fa3-4542-8870-01e22ac65c69', '4cf26822-f70b-4c62-bb0e-50ee10401d34', 3, '2026-02-01 00:00:00', '2027-02-01 00:00:00', true, '2026-02-23 04:42:36.954');
INSERT INTO public."Contract" VALUES ('94e32f95-5617-45a5-b3ec-49c4272f7283', '12738a3e-2e85-45ef-9c51-891a9b525def', '5a53b7a7-a91c-4d48-9642-3ce29fe69881', 1, '2025-05-05 17:00:00', '2025-11-04 17:00:00', false, '2026-02-23 04:36:39.487');
INSERT INTO public."Contract" VALUES ('5b1d8b18-b894-4b57-ad11-8fa7e5aef44d', '12738a3e-2e85-45ef-9c51-891a9b525def', '5a53b7a7-a91c-4d48-9642-3ce29fe69881', 2, '2025-11-06 00:00:00', '2026-05-05 00:00:00', true, '2026-02-23 04:43:51.107');
INSERT INTO public."Contract" VALUES ('30df4855-499d-47d3-b174-6cae3864e9d9', 'de3ea391-0a7d-4927-a40a-6c8b5a669ed8', '323f3295-d649-4a4e-b2d0-1925a6e27fdd', 4, '2025-12-24 00:00:00', '2026-06-23 00:00:00', true, '2026-02-23 04:50:40.589');
INSERT INTO public."Contract" VALUES ('729da160-4d87-4dd0-8097-ed02974c5366', '955c9de6-9dc6-4e36-9041-36efab629d26', '755948d4-cbfb-47aa-90e5-2d384e98b81a', 2, '2026-02-15 00:00:00', '2026-08-14 00:00:00', true, '2026-02-23 04:51:19.479');
INSERT INTO public."Contract" VALUES ('d3822197-14d7-4eab-8c03-b63c925ad272', '12de3abf-1bf9-4384-a87b-b6ce980ecd99', '65d02540-1b7b-4695-97ed-d9cf7647d3ac', 2, '2026-02-15 00:00:00', '2026-08-14 00:00:00', true, '2026-02-23 04:51:50.689');
INSERT INTO public."Contract" VALUES ('26bd2be6-ddba-421c-a8a9-ec077f2912f6', '70fcb574-b486-4635-a7b7-02bdb12e2ac0', '82bfdc8e-311a-4110-b640-e2939bae2b19', 1, '2025-12-01 00:00:00', '2026-05-31 00:00:00', true, '2026-02-23 05:58:02.409');
INSERT INTO public."Contract" VALUES ('8d016812-3ed9-4a20-8928-116956c52e6e', '30408700-6e33-4393-aedb-f8014a5f39f0', '18a76f20-f85a-46c8-8ea4-e961951cfcef', 1, '2026-02-18 00:00:00', '2026-08-17 00:00:00', true, '2026-02-23 05:59:16.633');
INSERT INTO public."Contract" VALUES ('4790d6c2-21a9-4f3a-b73e-c9a70357293f', 'e9e2fe87-2c4c-4600-8a7e-27c948052da6', '75d3274a-7c89-4258-9dbe-1e922ce2fe46', 1, '2026-02-18 00:00:00', '2026-08-17 00:00:00', true, '2026-02-23 06:00:18.404');
INSERT INTO public."Contract" VALUES ('4282fd88-b2a5-4265-b41c-c85d0efdda42', '606289b4-740f-41f4-b5ff-efd430d5ed25', '0cead4b9-3b1f-4f94-a660-b38bfecc834a', 1, '2026-02-19 00:00:00', '2026-08-18 00:00:00', true, '2026-02-23 06:01:58.662');
INSERT INTO public."Contract" VALUES ('c075857d-16d7-4ba7-82ba-0346810be5ef', '07b36869-1a25-4f4e-9ad4-5bcc981ddeb0', 'f5fa5a1a-2a88-410b-80cd-55e19869d46e', 2, '2014-07-10 00:00:00', NULL, true, '2026-02-23 06:09:21.072');
INSERT INTO public."Contract" VALUES ('fa509af6-1009-4875-b235-488297c89d9d', 'ca3f026b-26f9-4a42-ba5b-d3440ca40f11', '3a18e747-e2e7-4e1d-a5e7-6e9f2e22707f', 1, '2026-02-15 00:00:00', '2026-02-20 00:00:00', false, '2026-02-23 06:20:03.423');


--
-- Data for Name: LockerKey; Type: TABLE DATA; Schema: public; Owner: -
--



--
-- Data for Name: KeyLog; Type: TABLE DATA; Schema: public; Owner: -
--

INSERT INTO public."KeyLog" VALUES ('b231bf77-395b-447a-8ad6-ec09bf6d111e', '3a18e747-e2e7-4e1d-a5e7-6e9f2e22707f', 'ca3f026b-26f9-4a42-ba5b-d3440ca40f11', 'TAKEN', 'MANUAL', '2026-02-23 06:20:21.906', NULL);
INSERT INTO public."KeyLog" VALUES ('d72fc75e-d43b-4564-b83a-72a6b7c52ac6', '3a18e747-e2e7-4e1d-a5e7-6e9f2e22707f', 'ca3f026b-26f9-4a42-ba5b-d3440ca40f11', 'RETURNED', 'MANUAL', '2026-02-23 06:20:23.169', NULL);


--
-- PostgreSQL database dump complete
--

\unrestrict 2kGhzm6jR7nhhRi8AwUiFckt1tjcZC7D2hW3dDE93Q0eJCaXh0Odkew7fFNe7ud

